プレコ,/wiki/%E3%83%97%E3%83%AC%E3%82%B3
アユ,/wiki/%E3%82%A2%E3%83%A6
アイゴ,/wiki/%E3%82%A2%E3%82%A4%E3%82%B4
アイコバンハゼ,/w/index.php?title=%E3%82%A2%E3%82%A4%E3%82%B3%E3%83%90%E3%83%B3%E3%83%8F%E3%82%BC&action=edit&redlink=1
アイスポットシクリッド,/wiki/%E3%82%A2%E3%82%A4%E3%82%B9%E3%83%9D%E3%83%83%E3%83%88%E3%82%B7%E3%82%AF%E3%83%AA%E3%83%83%E3%83%89
アイナメ,/wiki/%E3%82%A2%E3%82%A4%E3%83%8A%E3%83%A1
アイブリ,/wiki/%E3%82%A2%E3%82%A4%E3%83%96%E3%83%AA
ニホンウナギ,/wiki/%E3%83%8B%E3%83%9B%E3%83%B3%E3%82%A6%E3%83%8A%E3%82%AE
アオイソハゼ,/w/index.php?title=%E3%82%A2%E3%82%AA%E3%82%A4%E3%82%BD%E3%83%8F%E3%82%BC&action=edit&redlink=1
アオウオ,/wiki/%E3%82%A2%E3%82%AA%E3%82%A6%E3%82%AA
アオギス,/wiki/%E3%82%A2%E3%82%AA%E3%82%AE%E3%82%B9
アオギハゼ,/w/index.php?title=%E3%82%A2%E3%82%AA%E3%82%AE%E3%83%8F%E3%82%BC&action=edit&redlink=1
アオサハギ,/w/index.php?title=%E3%82%A2%E3%82%AA%E3%82%B5%E3%83%8F%E3%82%AE&action=edit&redlink=1
アオザメ,/wiki/%E3%82%A2%E3%82%AA%E3%82%B6%E3%83%A1
アオスジスズメダイ,/w/index.php?title=%E3%82%A2%E3%82%AA%E3%82%B9%E3%82%B8%E3%82%B9%E3%82%BA%E3%83%A1%E3%83%80%E3%82%A4&action=edit&redlink=1
アオスジテンジクダイ,/w/index.php?title=%E3%82%A2%E3%82%AA%E3%82%B9%E3%82%B8%E3%83%86%E3%83%B3%E3%82%B8%E3%82%AF%E3%83%80%E3%82%A4&action=edit&redlink=1
アオダイ,/w/index.php?title=%E3%82%A2%E3%82%AA%E3%83%80%E3%82%A4&action=edit&redlink=1
アオタテジマチョウチョウウオ,/w/index.php?title=%E3%82%A2%E3%82%AA%E3%82%BF%E3%83%86%E3%82%B8%E3%83%9E%E3%83%81%E3%83%A7%E3%82%A6%E3%83%81%E3%83%A7%E3%82%A6%E3%82%A6%E3%82%AA&action=edit&redlink=1
アオタナゴ,/w/index.php?title=%E3%82%A2%E3%82%AA%E3%82%BF%E3%83%8A%E3%82%B4&action=edit&redlink=1
アオチビキ,/wiki/%E3%82%A2%E3%82%AA%E3%83%81%E3%83%93%E3%82%AD
ブリ,/wiki/%E3%83%96%E3%83%AA
アオノメハタ,/w/index.php?title=%E3%82%A2%E3%82%AA%E3%83%8E%E3%83%A1%E3%83%8F%E3%82%BF&action=edit&redlink=1
アオバスズメダイ,/w/index.php?title=%E3%82%A2%E3%82%AA%E3%83%90%E3%82%B9%E3%82%BA%E3%83%A1%E3%83%80%E3%82%A4&action=edit&redlink=1
アオハタ,/wiki/%E3%82%A2%E3%82%AA%E3%83%8F%E3%82%BF
アオバダイ,/w/index.php?title=%E3%82%A2%E3%82%AA%E3%83%90%E3%83%80%E3%82%A4&action=edit&redlink=1
アオハチハゼ,/w/index.php?title=%E3%82%A2%E3%82%AA%E3%83%8F%E3%83%81%E3%83%8F%E3%82%BC&action=edit&redlink=1
アオハナテンジクダイ,/w/index.php?title=%E3%82%A2%E3%82%AA%E3%83%8F%E3%83%8A%E3%83%86%E3%83%B3%E3%82%B8%E3%82%AF%E3%83%80%E3%82%A4&action=edit&redlink=1
アオバラヨシノボリ,/w/index.php?title=%E3%82%A2%E3%82%AA%E3%83%90%E3%83%A9%E3%83%A8%E3%82%B7%E3%83%8E%E3%83%9C%E3%83%AA&action=edit&redlink=1
ヨシキリザメ,/wiki/%E3%83%A8%E3%82%B7%E3%82%AD%E3%83%AA%E3%82%B6%E3%83%A1
アオブダイ,/wiki/%E3%82%A2%E3%82%AA%E3%83%96%E3%83%80%E3%82%A4
キュウセン,/wiki/%E3%82%AD%E3%83%A5%E3%82%A6%E3%82%BB%E3%83%B3
アオミシマ,/w/index.php?title=%E3%82%A2%E3%82%AA%E3%83%9F%E3%82%B7%E3%83%9E&action=edit&redlink=1
アオメエソ,/wiki/%E3%82%A2%E3%82%AA%E3%83%A1%E3%82%A8%E3%82%BD
アオヤガラ,/w/index.php?title=%E3%82%A2%E3%82%AA%E3%83%A4%E3%82%AC%E3%83%A9&action=edit&redlink=1
アカアジ,/w/index.php?title=%E3%82%A2%E3%82%AB%E3%82%A2%E3%82%B8&action=edit&redlink=1
アカアマダイ,/wiki/%E3%82%A2%E3%82%AB%E3%82%A2%E3%83%9E%E3%83%80%E3%82%A4
アカイサキ,/w/index.php?title=%E3%82%A2%E3%82%AB%E3%82%A4%E3%82%B5%E3%82%AD&action=edit&redlink=1
アカイソハゼ,/w/index.php?title=%E3%82%A2%E3%82%AB%E3%82%A4%E3%82%BD%E3%83%8F%E3%82%BC&action=edit&redlink=1
スミツキカノコ,/w/index.php?title=%E3%82%B9%E3%83%9F%E3%83%84%E3%82%AD%E3%82%AB%E3%83%8E%E3%82%B3&action=edit&redlink=1
アカウオ,/wiki/%E3%82%A2%E3%82%AB%E3%82%A6%E3%82%AA
アコウダイ,/wiki/%E3%82%A2%E3%82%B3%E3%82%A6%E3%83%80%E3%82%A4
タイセイヨウアカウオ,/wiki/%E3%82%BF%E3%82%A4%E3%82%BB%E3%82%A4%E3%83%A8%E3%82%A6%E3%82%A2%E3%82%AB%E3%82%A6%E3%82%AA
アラスカメヌケ,/wiki/%E3%82%A2%E3%83%A9%E3%82%B9%E3%82%AB%E3%83%A1%E3%83%8C%E3%82%B1
シワイカナゴ,/w/index.php?title=%E3%82%B7%E3%83%AF%E3%82%A4%E3%82%AB%E3%83%8A%E3%82%B4&action=edit&redlink=1
アカエイ,/wiki/%E3%82%A2%E3%82%AB%E3%82%A8%E3%82%A4
サンゴアイゴ,/w/index.php?title=%E3%82%B5%E3%83%B3%E3%82%B4%E3%82%A2%E3%82%A4%E3%82%B4&action=edit&redlink=1
ヒメアイゴ,/w/index.php?title=%E3%83%92%E3%83%A1%E3%82%A2%E3%82%A4%E3%82%B4&action=edit&redlink=1
アカエソ,/w/index.php?title=%E3%82%A2%E3%82%AB%E3%82%A8%E3%82%BD&action=edit&redlink=1
アオビシマハゼ,/w/index.php?title=%E3%82%A2%E3%82%AA%E3%83%93%E3%82%B7%E3%83%9E%E3%83%8F%E3%82%BC&action=edit&redlink=1
アカオビハナダイ,/w/index.php?title=%E3%82%A2%E3%82%AB%E3%82%AA%E3%83%93%E3%83%8F%E3%83%8A%E3%83%80%E3%82%A4&action=edit&redlink=1
アカオビベラ,/w/index.php?title=%E3%82%A2%E3%82%AB%E3%82%AA%E3%83%93%E3%83%99%E3%83%A9&action=edit&redlink=1
アカカマス,/wiki/%E3%82%A2%E3%82%AB%E3%82%AB%E3%83%9E%E3%82%B9
アカガレイ,/w/index.php?title=%E3%82%A2%E3%82%AB%E3%82%AC%E3%83%AC%E3%82%A4&action=edit&redlink=1
キンメダイ,/wiki/%E3%82%AD%E3%83%B3%E3%83%A1%E3%83%80%E3%82%A4
アカククリ,/w/index.php?title=%E3%82%A2%E3%82%AB%E3%82%AF%E3%82%AF%E3%83%AA&action=edit&redlink=1
アカクジラウオダマシ,/w/index.php?title=%E3%82%A2%E3%82%AB%E3%82%AF%E3%82%B8%E3%83%A9%E3%82%A6%E3%82%AA%E3%83%80%E3%83%9E%E3%82%B7&action=edit&redlink=1
アカグツ,/wiki/%E3%82%A2%E3%82%AB%E3%82%B0%E3%83%84
アカゴチ,/w/index.php?title=%E3%82%A2%E3%82%AB%E3%82%B4%E3%83%81&action=edit&redlink=1
アカザ,/wiki/%E3%82%A2%E3%82%AB%E3%82%B6_(%E9%AD%9A)
アカササノハベラ,/w/index.php?title=%E3%82%A2%E3%82%AB%E3%82%B5%E3%82%B5%E3%83%8E%E3%83%8F%E3%83%99%E3%83%A9&action=edit&redlink=1
アガシズズドワーフシクリッド,/w/index.php?title=%E3%82%A2%E3%82%AC%E3%82%B7%E3%82%BA%E3%82%BA%E3%83%BB%E3%83%89%E3%83%AF%E3%83%BC%E3%83%95%E3%83%BB%E3%82%B7%E3%82%AF%E3%83%AA%E3%83%83%E3%83%89&action=edit&redlink=1
アカシタビラメ,/wiki/%E3%82%A2%E3%82%AB%E3%82%B7%E3%82%BF%E3%83%93%E3%83%A9%E3%83%A1
アカシュモクザメ,/wiki/%E3%82%A2%E3%82%AB%E3%82%B7%E3%83%A5%E3%83%A2%E3%82%AF%E3%82%B6%E3%83%A1
スジアラ,/w/index.php?title=%E3%82%B9%E3%82%B8%E3%82%A2%E3%83%A9&action=edit&redlink=1
スジアラ,/w/index.php?title=%E3%82%B9%E3%82%B8%E3%82%A2%E3%83%A9&action=edit&redlink=1
アカスジウミタケハゼ,/w/index.php?title=%E3%82%A2%E3%82%AB%E3%82%B9%E3%82%B8%E3%82%A6%E3%83%9F%E3%82%BF%E3%82%B1%E3%83%8F%E3%82%BC&action=edit&redlink=1
アカタチ,/w/index.php?title=%E3%82%A2%E3%82%AB%E3%82%BF%E3%83%81&action=edit&redlink=1
アカタナゴ,/w/index.php?title=%E3%82%A2%E3%82%AB%E3%82%BF%E3%83%8A%E3%82%B4&action=edit&redlink=1
アカタマガシラ,/w/index.php?title=%E3%82%A2%E3%82%AB%E3%82%BF%E3%83%9E%E3%82%AC%E3%82%B7%E3%83%A9&action=edit&redlink=1
アカチョッキクジラウオ,/w/index.php?title=%E3%82%A2%E3%82%AB%E3%83%81%E3%83%A7%E3%83%83%E3%82%AD%E3%82%AF%E3%82%B8%E3%83%A9%E3%82%A6%E3%82%AA&action=edit&redlink=1
アカテンコバンハゼ,/w/index.php?title=%E3%82%A2%E3%82%AB%E3%83%86%E3%83%B3%E3%82%B3%E3%83%90%E3%83%B3%E3%83%8F%E3%82%BC&action=edit&redlink=1
アカテンモチノオウオ,/w/index.php?title=%E3%82%A2%E3%82%AB%E3%83%86%E3%83%B3%E3%83%A2%E3%83%81%E3%83%8E%E3%82%AA%E3%82%A6%E3%82%AA&action=edit&redlink=1
アカトラギス,/w/index.php?title=%E3%82%A2%E3%82%AB%E3%83%88%E3%83%A9%E3%82%AE%E3%82%B9&action=edit&redlink=1
タマガシラ,/w/index.php?title=%E3%82%BF%E3%83%9E%E3%82%AC%E3%82%B7%E3%83%A9&action=edit&redlink=1
アカナマダ,/wiki/%E3%82%A2%E3%82%AB%E3%83%8A%E3%83%9E%E3%83%80
アカネキンチャクダイ,/w/index.php?title=%E3%82%A2%E3%82%AB%E3%83%8D%E3%82%AD%E3%83%B3%E3%83%81%E3%83%A3%E3%82%AF%E3%83%80%E3%82%A4&action=edit&redlink=1
アカネダルマオコゼ,/w/index.php?title=%E3%82%A2%E3%82%AB%E3%83%8D%E3%83%80%E3%83%AB%E3%83%9E%E3%82%AA%E3%82%B3%E3%82%BC&action=edit&redlink=1
アカネダルマハゼ,/w/index.php?title=%E3%82%A2%E3%82%AB%E3%83%8D%E3%83%80%E3%83%AB%E3%83%9E%E3%83%8F%E3%82%BC&action=edit&redlink=1
アカネハゼ,/w/index.php?title=%E3%82%A2%E3%82%AB%E3%83%8D%E3%83%8F%E3%82%BC&action=edit&redlink=1
アカハゼ,/w/index.php?title=%E3%82%A2%E3%82%AB%E3%83%8F%E3%82%BC&action=edit&redlink=1
アカハタ,/wiki/%E3%82%A2%E3%82%AB%E3%83%8F%E3%82%BF
アカハタモドキ,/w/index.php?title=%E3%82%A2%E3%82%AB%E3%83%8F%E3%82%BF%E3%83%A2%E3%83%89%E3%82%AD&action=edit&redlink=1
アカハチハゼ,/w/index.php?title=%E3%82%A2%E3%82%AB%E3%83%8F%E3%83%81%E3%83%8F%E3%82%BC&action=edit&redlink=1
ウスメバル,/w/index.php?title=%E3%82%A6%E3%82%B9%E3%83%A1%E3%83%90%E3%83%AB&action=edit&redlink=1
アカハナ,/wiki/%E3%82%A2%E3%82%AB%E3%83%8F%E3%83%8A
ウグイ,/wiki/%E3%82%A6%E3%82%B0%E3%82%A4
アカハラヤッコ,/w/index.php?title=%E3%82%A2%E3%82%AB%E3%83%8F%E3%83%A9%E3%83%A4%E3%83%83%E3%82%B3&action=edit&redlink=1
アカヒメジ,/wiki/%E3%82%A2%E3%82%AB%E3%83%92%E3%83%A1%E3%82%B8
アカヒレ,/wiki/%E3%82%A2%E3%82%AB%E3%83%92%E3%83%AC
アカヒレタビラ,/wiki/%E3%82%A2%E3%82%AB%E3%83%92%E3%83%AC%E3%82%BF%E3%83%93%E3%83%A9
アカヒレハダカハゼ,/w/index.php?title=%E3%82%A2%E3%82%AB%E3%83%92%E3%83%AC%E3%83%8F%E3%83%80%E3%82%AB%E3%83%8F%E3%82%BC&action=edit&redlink=1
アカブダイ,/w/index.php?title=%E3%82%A2%E3%82%AB%E3%83%96%E3%83%80%E3%82%A4&action=edit&redlink=1
キュウセン,/wiki/%E3%82%AD%E3%83%A5%E3%82%A6%E3%82%BB%E3%83%B3
アカボウズハゼ,/w/index.php?title=%E3%82%A2%E3%82%AB%E3%83%9C%E3%82%A6%E3%82%BA%E3%83%8F%E3%82%BC&action=edit&redlink=1
アカホシイソハゼ,/w/index.php?title=%E3%82%A2%E3%82%AB%E3%83%9B%E3%82%B7%E3%82%A4%E3%82%BD%E3%83%8F%E3%82%BC&action=edit&redlink=1
アカホシキツネベラ,/w/index.php?title=%E3%82%A2%E3%82%AB%E3%83%9B%E3%82%B7%E3%82%AD%E3%83%84%E3%83%8D%E3%83%99%E3%83%A9&action=edit&redlink=1
アカマダラハタ,/w/index.php?title=%E3%82%A2%E3%82%AB%E3%83%9E%E3%83%80%E3%83%A9%E3%83%8F%E3%82%BF&action=edit&redlink=1
アカマツカサ,/w/index.php?title=%E3%82%A2%E3%82%AB%E3%83%9E%E3%83%84%E3%82%AB%E3%82%B5&action=edit&redlink=1
アカエイ,/wiki/%E3%82%A2%E3%82%AB%E3%82%A8%E3%82%A4
アカマンボウ,/wiki/%E3%82%A2%E3%82%AB%E3%83%9E%E3%83%B3%E3%83%9C%E3%82%A6
アカムツ,/wiki/%E3%82%A2%E3%82%AB%E3%83%A0%E3%83%84
アカメ,/wiki/%E3%82%A2%E3%82%AB%E3%83%A1
アカメハゼ,/w/index.php?title=%E3%82%A2%E3%82%AB%E3%83%A1%E3%83%8F%E3%82%BC&action=edit&redlink=1
アカメバル,/wiki/%E3%82%A2%E3%82%AB%E3%83%A1%E3%83%90%E3%83%AB
アカメフグ,/w/index.php?title=%E3%82%A2%E3%82%AB%E3%83%A1%E3%83%95%E3%82%B0&action=edit&redlink=1
アカモンガラ,/wiki/%E3%82%A2%E3%82%AB%E3%83%A2%E3%83%B3%E3%82%AC%E3%83%A9
アカヤガラ,/w/index.php?title=%E3%82%A2%E3%82%AB%E3%83%A4%E3%82%AC%E3%83%A9&action=edit&redlink=1
アカントーデス,/wiki/%E3%82%A2%E3%82%AB%E3%83%B3%E3%83%88%E3%83%BC%E3%83%87%E3%82%B9
サケ,/wiki/%E3%82%B5%E3%82%B1
アキレスタング,/w/index.php?title=%E3%82%A2%E3%82%AD%E3%83%AC%E3%82%B9%E3%82%BF%E3%83%B3%E3%82%B0&action=edit&redlink=1
アクモニスティオン,/w/index.php?title=%E3%82%A2%E3%82%AF%E3%83%A2%E3%83%8B%E3%82%B9%E3%83%86%E3%82%A3%E3%82%AA%E3%83%B3&action=edit&redlink=1
マジリアイゴ,/w/index.php?title=%E3%83%9E%E3%82%B8%E3%83%AA%E3%82%A2%E3%82%A4%E3%82%B4&action=edit&redlink=1
アケボノチョウチョウウオ,/wiki/%E3%82%A2%E3%82%B1%E3%83%9C%E3%83%8E%E3%83%81%E3%83%A7%E3%82%A6%E3%83%81%E3%83%A7%E3%82%A6%E3%82%A6%E3%82%AA
アケボノハゼ,/w/index.php?title=%E3%82%A2%E3%82%B1%E3%83%9C%E3%83%8E%E3%83%8F%E3%82%BC&action=edit&redlink=1
アコウダイ,/wiki/%E3%82%A2%E3%82%B3%E3%82%A6%E3%83%80%E3%82%A4
アコウダイ,/wiki/%E3%82%A2%E3%82%B3%E3%82%A6%E3%83%80%E3%82%A4
ツマグロハタンポ,/w/index.php?title=%E3%83%84%E3%83%9E%E3%82%B0%E3%83%AD%E3%83%8F%E3%82%BF%E3%83%B3%E3%83%9D&action=edit&redlink=1
アゴハゼ,/wiki/%E3%82%A2%E3%82%B4%E3%83%8F%E3%82%BC
アゴハタ,/w/index.php?title=%E3%82%A2%E3%82%B4%E3%83%8F%E3%82%BF&action=edit&redlink=1
アサドスズメダイ,/w/index.php?title=%E3%82%A2%E3%82%B5%E3%83%89%E3%82%B9%E3%82%BA%E3%83%A1%E3%83%80%E3%82%A4&action=edit&redlink=1
アサバガレイ,/wiki/%E3%82%A2%E3%82%B5%E3%83%90%E3%82%AC%E3%83%AC%E3%82%A4
アザハタ,/w/index.php?title=%E3%82%A2%E3%82%B6%E3%83%8F%E3%82%BF&action=edit&redlink=1
アサヒアナハゼ,/w/index.php?title=%E3%82%A2%E3%82%B5%E3%83%92%E3%82%A2%E3%83%8A%E3%83%8F%E3%82%BC&action=edit&redlink=1
アザミカワハギ,/w/index.php?title=%E3%82%A2%E3%82%B6%E3%83%9F%E3%82%AB%E3%83%AF%E3%83%8F%E3%82%AE&action=edit&redlink=1
アジ,/wiki/%E3%82%A2%E3%82%B8
アジアアロワナ,/wiki/%E3%82%A2%E3%82%B8%E3%82%A2%E3%82%A2%E3%83%AD%E3%83%AF%E3%83%8A
アジアコショウダイ,/w/index.php?title=%E3%82%A2%E3%82%B8%E3%82%A2%E3%82%B3%E3%82%B7%E3%83%A7%E3%82%A6%E3%83%80%E3%82%A4&action=edit&redlink=1
アシシロハゼ,/w/index.php?title=%E3%82%A2%E3%82%B7%E3%82%B7%E3%83%AD%E3%83%8F%E3%82%BC&action=edit&redlink=1
アジメドジョウ,/wiki/%E3%82%A2%E3%82%B8%E3%83%A1%E3%83%89%E3%82%B8%E3%83%A7%E3%82%A6
アシロ,/wiki/%E3%82%A2%E3%82%B7%E3%83%AD
アズキハタ,/w/index.php?title=%E3%82%A2%E3%82%BA%E3%82%AD%E3%83%8F%E3%82%BF&action=edit&redlink=1
アストロノータス,/wiki/%E3%82%A2%E3%82%B9%E3%83%88%E3%83%AD%E3%83%8E%E3%83%BC%E3%82%BF%E3%82%B9
アスピドリンクス,/w/index.php?title=%E3%82%A2%E3%82%B9%E3%83%94%E3%83%89%E3%83%AA%E3%83%B3%E3%82%AF%E3%82%B9&action=edit&redlink=1
アズマハナダイ,/w/index.php?title=%E3%82%A2%E3%82%BA%E3%83%9E%E3%83%8F%E3%83%8A%E3%83%80%E3%82%A4&action=edit&redlink=1
アツクチスズメダイ,/w/index.php?title=%E3%82%A2%E3%83%84%E3%82%AF%E3%83%81%E3%82%B9%E3%82%BA%E3%83%A1%E3%83%80%E3%82%A4&action=edit&redlink=1
アッシュメドウズキリフィッシュ,/wiki/%E3%82%A2%E3%83%83%E3%82%B7%E3%83%A5%E3%83%A1%E3%83%89%E3%82%A6%E3%82%BA%E3%82%AD%E3%83%AA%E3%83%95%E3%82%A3%E3%83%83%E3%82%B7%E3%83%A5
アツモリウオ,/w/index.php?title=%E3%82%A2%E3%83%84%E3%83%A2%E3%83%AA%E3%82%A6%E3%82%AA&action=edit&redlink=1
アデイトベラ,/w/index.php?title=%E3%82%A2%E3%83%87%E3%82%A4%E3%83%88%E3%83%99%E3%83%A9&action=edit&redlink=1
アデオオモンハゼ,/w/index.php?title=%E3%82%A2%E3%83%87%E3%82%AA%E3%82%AA%E3%83%A2%E3%83%B3%E3%83%8F%E3%82%BC&action=edit&redlink=1
アデヤッコ,/wiki/%E3%82%A2%E3%83%87%E3%83%A4%E3%83%83%E3%82%B3
アテレアスピス,/w/index.php?title=%E3%82%A2%E3%83%86%E3%83%AC%E3%82%A2%E3%82%B9%E3%83%94%E3%82%B9&action=edit&redlink=1
アトヒキテンジクダイダマシ,/w/index.php?title=%E3%82%A2%E3%83%88%E3%83%92%E3%82%AD%E3%83%86%E3%83%B3%E3%82%B8%E3%82%AF%E3%83%80%E3%82%A4%E3%83%80%E3%83%9E%E3%82%B7&action=edit&redlink=1
タイセイヨウサケ,/wiki/%E3%82%BF%E3%82%A4%E3%82%BB%E3%82%A4%E3%83%A8%E3%82%A6%E3%82%B5%E3%82%B1
アトランティックスペードフィッシュ,/w/index.php?title=%E3%82%A2%E3%83%88%E3%83%A9%E3%83%B3%E3%83%86%E3%82%A3%E3%83%83%E3%82%AF%E3%82%B9%E3%83%9A%E3%83%BC%E3%83%89%E3%83%95%E3%82%A3%E3%83%83%E3%82%B7%E3%83%A5&action=edit&redlink=1
アナゴ,/wiki/%E3%82%A2%E3%83%8A%E3%82%B4
アナハゼ,/w/index.php?title=%E3%82%A2%E3%83%8A%E3%83%8F%E3%82%BC&action=edit&redlink=1
ストライプドヘッドスタンダー,/w/index.php?title=%E3%82%B9%E3%83%88%E3%83%A9%E3%82%A4%E3%83%97%E3%83%89%E3%83%BB%E3%83%98%E3%83%83%E3%83%89%E3%82%B9%E3%82%BF%E3%83%B3%E3%83%80%E3%83%BC&action=edit&redlink=1
アバ,/wiki/%E3%82%A2%E3%83%90
アバチャン,/w/index.php?title=%E3%82%A2%E3%83%90%E3%83%81%E3%83%A3%E3%83%B3&action=edit&redlink=1
アパッチ,/wiki/%E3%82%A2%E3%83%91%E3%83%83%E3%83%81
アピストグラマ,/wiki/%E3%82%A2%E3%83%94%E3%82%B9%E3%83%88%E3%82%B0%E3%83%A9%E3%83%9E
アブラガレイ,/w/index.php?title=%E3%82%A2%E3%83%96%E3%83%A9%E3%82%AC%E3%83%AC%E3%82%A4&action=edit&redlink=1
アイナメ,/wiki/%E3%82%A2%E3%82%A4%E3%83%8A%E3%83%A1
アブラツノザメ,/wiki/%E3%82%A2%E3%83%96%E3%83%A9%E3%83%84%E3%83%8E%E3%82%B6%E3%83%A1
アブラソコムツ,/wiki/%E3%82%A2%E3%83%96%E3%83%A9%E3%82%BD%E3%82%B3%E3%83%A0%E3%83%84
アブラツノザメ,/wiki/%E3%82%A2%E3%83%96%E3%83%A9%E3%83%84%E3%83%8E%E3%82%B6%E3%83%A1
アブラハヤ,/wiki/%E3%82%A2%E3%83%96%E3%83%A9%E3%83%8F%E3%83%A4
アブラヒガイ,/wiki/%E3%82%A2%E3%83%96%E3%83%A9%E3%83%92%E3%82%AC%E3%82%A4
アブラボウズ,/wiki/%E3%82%A2%E3%83%96%E3%83%A9%E3%83%9C%E3%82%A6%E3%82%BA
アブラボテ,/wiki/%E3%82%A2%E3%83%96%E3%83%A9%E3%83%9C%E3%83%86
アイナメ,/wiki/%E3%82%A2%E3%82%A4%E3%83%8A%E3%83%A1
アブラヤッコ,/w/index.php?title=%E3%82%A2%E3%83%96%E3%83%A9%E3%83%A4%E3%83%83%E3%82%B3&action=edit&redlink=1
アフリカンシクリッド,/wiki/%E3%82%A2%E3%83%95%E3%83%AA%E3%82%AB%E3%83%B3%E3%83%BB%E3%82%B7%E3%82%AF%E3%83%AA%E3%83%83%E3%83%89
アフリカンパイクカラシン,/w/index.php?title=%E3%82%A2%E3%83%95%E3%83%AA%E3%82%AB%E3%83%B3%E3%83%BB%E3%83%91%E3%82%A4%E3%82%AF%E3%82%AB%E3%83%A9%E3%82%B7%E3%83%B3&action=edit&redlink=1
アフリカンランブアイ,/w/index.php?title=%E3%82%A2%E3%83%95%E3%83%AA%E3%82%AB%E3%83%B3%E3%83%BB%E3%83%A9%E3%83%B3%E3%83%96%E3%82%A2%E3%82%A4&action=edit&redlink=1
アベニーパファー,/wiki/%E3%82%A2%E3%83%99%E3%83%8B%E3%83%BC%E3%83%BB%E3%83%91%E3%83%95%E3%82%A1%E3%83%BC
アベハゼ,/wiki/%E3%82%A2%E3%83%99%E3%83%8F%E3%82%BC
クロサギ (魚),/wiki/%E3%82%AF%E3%83%AD%E3%82%B5%E3%82%AE_(%E9%AD%9A)
アマクサヨウジ,/w/index.php?title=%E3%82%A2%E3%83%9E%E3%82%AF%E3%82%B5%E3%83%A8%E3%82%A6%E3%82%B8&action=edit&redlink=1
アマクチビ,/w/index.php?title=%E3%82%A2%E3%83%9E%E3%82%AF%E3%83%81%E3%83%93&action=edit&redlink=1
サツキマス,/wiki/%E3%82%B5%E3%83%84%E3%82%AD%E3%83%9E%E3%82%B9
アオミシマ,/w/index.php?title=%E3%82%A2%E3%82%AA%E3%83%9F%E3%82%B7%E3%83%9E&action=edit&redlink=1
ワカサギ,/wiki/%E3%83%AF%E3%82%AB%E3%82%B5%E3%82%AE
アマシイラ,/wiki/%E3%82%A2%E3%83%9E%E3%82%B7%E3%82%A4%E3%83%A9
アマダイ,/wiki/%E3%82%A2%E3%83%9E%E3%83%80%E3%82%A4
アカアマダイ,/wiki/%E3%82%A2%E3%82%AB%E3%82%A2%E3%83%9E%E3%83%80%E3%82%A4
シロアマダイ,/w/index.php?title=%E3%82%B7%E3%83%AD%E3%82%A2%E3%83%9E%E3%83%80%E3%82%A4&action=edit&redlink=1
キアマダイ,/w/index.php?title=%E3%82%AD%E3%82%A2%E3%83%9E%E3%83%80%E3%82%A4&action=edit&redlink=1
アマミイシモチ,/w/index.php?title=%E3%82%A2%E3%83%9E%E3%83%9F%E3%82%A4%E3%82%B7%E3%83%A2%E3%83%81&action=edit&redlink=1
アマミウシノシタ,/w/index.php?title=%E3%82%A2%E3%83%9E%E3%83%9F%E3%82%A6%E3%82%B7%E3%83%8E%E3%82%B7%E3%82%BF&action=edit&redlink=1
アマミウマヅラハギ,/w/index.php?title=%E3%82%A2%E3%83%9E%E3%83%9F%E3%82%A6%E3%83%9E%E3%83%85%E3%83%A9%E3%83%8F%E3%82%AE&action=edit&redlink=1
アマミスズメダイ,/w/index.php?title=%E3%82%A2%E3%83%9E%E3%83%9F%E3%82%B9%E3%82%BA%E3%83%A1%E3%83%80%E3%82%A4&action=edit&redlink=1
アマミハナダイ,/w/index.php?title=%E3%82%A2%E3%83%9E%E3%83%9F%E3%83%8F%E3%83%8A%E3%83%80%E3%82%A4&action=edit&redlink=1
アマミフエフキ,/w/index.php?title=%E3%82%A2%E3%83%9E%E3%83%9F%E3%83%95%E3%82%A8%E3%83%95%E3%82%AD&action=edit&redlink=1
アマミホシゾラフグ,/wiki/%E3%82%A2%E3%83%9E%E3%83%9F%E3%83%9B%E3%82%B7%E3%82%BE%E3%83%A9%E3%83%95%E3%82%B0
アオミシマ,/w/index.php?title=%E3%82%A2%E3%82%AA%E3%83%9F%E3%82%B7%E3%83%9E&action=edit&redlink=1
アミアカルヴァ,/wiki/%E3%82%A2%E3%83%9F%E3%82%A2%E3%83%BB%E3%82%AB%E3%83%AB%E3%83%B4%E3%82%A1
アミアイゴ,/wiki/%E3%82%A2%E3%83%9F%E3%82%A2%E3%82%A4%E3%82%B4
アミアカルヴァ,/wiki/%E3%82%A2%E3%83%9F%E3%82%A2%E3%83%BB%E3%82%AB%E3%83%AB%E3%83%B4%E3%82%A1
アミキリ,/wiki/%E3%82%A2%E3%83%9F%E3%82%AD%E3%83%AA
アミチョウチョウウオ,/wiki/%E3%82%A2%E3%83%9F%E3%83%81%E3%83%A7%E3%82%A6%E3%83%81%E3%83%A7%E3%82%A6%E3%82%A6%E3%82%AA
アミフエフキ,/w/index.php?title=%E3%82%A2%E3%83%9F%E3%83%95%E3%82%A8%E3%83%95%E3%82%AD&action=edit&redlink=1
アミメウナギ,/wiki/%E3%82%A2%E3%83%9F%E3%83%A1%E3%82%A6%E3%83%8A%E3%82%AE
アミメチョウチョウウオ,/wiki/%E3%82%A2%E3%83%9F%E3%83%A1%E3%83%81%E3%83%A7%E3%82%A6%E3%83%81%E3%83%A7%E3%82%A6%E3%82%A6%E3%82%AA
アミメハギ,/w/index.php?title=%E3%82%A2%E3%83%9F%E3%83%A1%E3%83%8F%E3%82%AE&action=edit&redlink=1
アミメフエダイ,/w/index.php?title=%E3%82%A2%E3%83%9F%E3%83%A1%E3%83%95%E3%82%A8%E3%83%80%E3%82%A4&action=edit&redlink=1
アミメブダイ,/w/index.php?title=%E3%82%A2%E3%83%9F%E3%83%A1%E3%83%96%E3%83%80%E3%82%A4&action=edit&redlink=1
アミメベンケイハゼ,/w/index.php?title=%E3%82%A2%E3%83%9F%E3%83%A1%E3%83%99%E3%83%B3%E3%82%B1%E3%82%A4%E3%83%8F%E3%82%BC&action=edit&redlink=1
アミモンガラ,/w/index.php?title=%E3%82%A2%E3%83%9F%E3%83%A2%E3%83%B3%E3%82%AC%E3%83%A9&action=edit&redlink=1
アムールイトウ,/wiki/%E3%82%A2%E3%83%A0%E3%83%BC%E3%83%AB%E3%82%A4%E3%83%88%E3%82%A6
ビワマス,/wiki/%E3%83%93%E3%83%AF%E3%83%9E%E3%82%B9
アメマス,/wiki/%E3%82%A2%E3%83%A1%E3%83%9E%E3%82%B9
アメリカナマズ,/wiki/%E3%82%A2%E3%83%A1%E3%83%AA%E3%82%AB%E3%83%8A%E3%83%9E%E3%82%BA
ヘラチョウザメ,/wiki/%E3%83%98%E3%83%A9%E3%83%81%E3%83%A7%E3%82%A6%E3%82%B6%E3%83%A1
アメリカンシクリッド,/wiki/%E3%82%A2%E3%83%A1%E3%83%AA%E3%82%AB%E3%83%B3%E3%83%BB%E3%82%B7%E3%82%AF%E3%83%AA%E3%83%83%E3%83%89
アメリカンフラッグフィッシュ,/w/index.php?title=%E3%82%A2%E3%83%A1%E3%83%AA%E3%82%AB%E3%83%B3%E3%83%BB%E3%83%95%E3%83%A9%E3%83%83%E3%82%B0%E3%83%95%E3%82%A3%E3%83%83%E3%82%B7%E3%83%A5&action=edit&redlink=1
アヤアナハゼ,/w/index.php?title=%E3%82%A2%E3%83%A4%E3%82%A2%E3%83%8A%E3%83%8F%E3%82%BC&action=edit&redlink=1
アヤコショウダイ,/w/index.php?title=%E3%82%A2%E3%83%A4%E3%82%B3%E3%82%B7%E3%83%A7%E3%82%A6%E3%83%80%E3%82%A4&action=edit&redlink=1
アヤトビウオ,/wiki/%E3%82%A2%E3%83%A4%E3%83%88%E3%83%93%E3%82%A6%E3%82%AA
アヤメエビス,/w/index.php?title=%E3%82%A2%E3%83%A4%E3%83%A1%E3%82%A8%E3%83%93%E3%82%B9&action=edit&redlink=1
アヤメカサゴ,/w/index.php?title=%E3%82%A2%E3%83%A4%E3%83%A1%E3%82%AB%E3%82%B5%E3%82%B4&action=edit&redlink=1
アヤヨシノボリ,/w/index.php?title=%E3%82%A2%E3%83%A4%E3%83%A8%E3%82%B7%E3%83%8E%E3%83%9C%E3%83%AA&action=edit&redlink=1
アユ,/wiki/%E3%82%A2%E3%83%A6
アユカケ,/wiki/%E3%82%A2%E3%83%A6%E3%82%AB%E3%82%B1
アユモドキ,/wiki/%E3%82%A2%E3%83%A6%E3%83%A2%E3%83%89%E3%82%AD
アラ,/wiki/%E3%82%A2%E3%83%A9_(%E9%AD%9A)
クエ,/wiki/%E3%82%AF%E3%82%A8
カサゴ,/wiki/%E3%82%AB%E3%82%B5%E3%82%B4
フサカサゴ,/w/index.php?title=%E3%83%95%E3%82%B5%E3%82%AB%E3%82%B5%E3%82%B4&action=edit&redlink=1
アラハダカ,/w/index.php?title=%E3%82%A2%E3%83%A9%E3%83%8F%E3%83%80%E3%82%AB&action=edit&redlink=1
ピラルクー,/wiki/%E3%83%94%E3%83%A9%E3%83%AB%E3%82%AF%E3%83%BC
アラメギンメ,/w/index.php?title=%E3%82%A2%E3%83%A9%E3%83%A1%E3%82%AE%E3%83%B3%E3%83%A1&action=edit&redlink=1
アユカケ,/wiki/%E3%82%A2%E3%83%A6%E3%82%AB%E3%82%B1
アランダスピス,/wiki/%E3%82%A2%E3%83%A9%E3%83%B3%E3%83%80%E3%82%B9%E3%83%94%E3%82%B9
アリアケギバチ,/wiki/%E3%82%A2%E3%83%AA%E3%82%A2%E3%82%B1%E3%82%AE%E3%83%90%E3%83%81
アリアケシラウオ,/wiki/%E3%82%A2%E3%83%AA%E3%82%A2%E3%82%B1%E3%82%B7%E3%83%A9%E3%82%A6%E3%82%AA
アリゲーターガー,/wiki/%E3%82%A2%E3%83%AA%E3%82%B2%E3%83%BC%E3%82%BF%E3%83%BC%E3%82%AC%E3%83%BC
アルジーイーター,/w/index.php?title=%E3%82%A2%E3%83%AB%E3%82%B8%E3%83%BC%E3%83%BB%E3%82%A4%E3%83%BC%E3%82%BF%E3%83%BC&action=edit&redlink=1
アルタムエンゼル,/wiki/%E3%82%A2%E3%83%AB%E3%82%BF%E3%83%A0%E3%83%BB%E3%82%A8%E3%83%B3%E3%82%BC%E3%83%AB
アルティディドラコオリアナエ,/w/index.php?title=%E3%82%A2%E3%83%AB%E3%83%86%E3%82%A3%E3%83%87%E3%82%A3%E3%83%89%E3%83%A9%E3%82%B3%E3%83%BB%E3%82%AA%E3%83%AA%E3%82%A2%E3%83%8A%E3%82%A8&action=edit&redlink=1
アレニプテルス,/w/index.php?title=%E3%82%A2%E3%83%AC%E3%83%8B%E3%83%97%E3%83%86%E3%83%AB%E3%82%B9&action=edit&redlink=1
アロサ,/wiki/%E3%82%A2%E3%83%AD%E3%82%B5
ホソガツオ,/w/index.php?title=%E3%83%9B%E3%82%BD%E3%82%AC%E3%83%84%E3%82%AA&action=edit&redlink=1
アロワナ,/wiki/%E3%82%A2%E3%83%AD%E3%83%AF%E3%83%8A
アワセイソハゼ,/w/index.php?title=%E3%82%A2%E3%83%AF%E3%82%BB%E3%82%A4%E3%82%BD%E3%83%8F%E3%82%BC&action=edit&redlink=1
チャカ,/wiki/%E3%83%81%E3%83%A3%E3%82%AB%E5%B1%9E
アンコウ,/wiki/%E3%82%A2%E3%83%B3%E3%82%B3%E3%82%A6
アンコウウバウオ,/w/index.php?title=%E3%82%A2%E3%83%B3%E3%82%B3%E3%82%A6%E3%82%A6%E3%83%90%E3%82%A6%E3%82%AA&action=edit&redlink=1
アンゴラバーブ,/w/index.php?title=%E3%82%A2%E3%83%B3%E3%82%B4%E3%83%A9%E3%83%BB%E3%83%90%E3%83%BC%E3%83%96&action=edit&redlink=1
アンチョベータ,/wiki/%E3%82%A2%E3%83%B3%E3%83%81%E3%83%A7%E3%83%99%E3%83%BC%E3%82%BF
アンドレアスピス,/w/index.php?title=%E3%82%A2%E3%83%B3%E3%83%89%E3%83%AC%E3%82%A2%E3%82%B9%E3%83%94%E3%82%B9&action=edit&redlink=1
アンフィスティウム,/w/index.php?title=%E3%82%A2%E3%83%B3%E3%83%95%E3%82%A3%E3%82%B9%E3%83%86%E3%82%A3%E3%82%A6%E3%83%A0&action=edit&redlink=1
イエローパーチ,/w/index.php?title=%E3%82%A4%E3%82%A8%E3%83%AD%E3%83%BC%E3%83%91%E3%83%BC%E3%83%81&action=edit&redlink=1
イェンツーユイ,/wiki/%E3%82%A4%E3%82%A7%E3%83%B3%E3%83%84%E3%83%BC%E3%83%A6%E3%82%A4
イカナゴ,/wiki/%E3%82%A4%E3%82%AB%E3%83%8A%E3%82%B4
イケカツオ,/w/index.php?title=%E3%82%A4%E3%82%B1%E3%82%AB%E3%83%84%E3%82%AA&action=edit&redlink=1
イサキ,/wiki/%E3%82%A4%E3%82%B5%E3%82%AD
イサザ,/wiki/%E3%82%A4%E3%82%B5%E3%82%B6
カエルアンコウ,/wiki/%E3%82%AB%E3%82%A8%E3%83%AB%E3%82%A2%E3%83%B3%E3%82%B3%E3%82%A6
イシガキダイ,/wiki/%E3%82%A4%E3%82%B7%E3%82%AC%E3%82%AD%E3%83%80%E3%82%A4
イシガレイ,/wiki/%E3%82%A4%E3%82%B7%E3%82%AC%E3%83%AC%E3%82%A4
イシダイ,/wiki/%E3%82%A4%E3%82%B7%E3%83%80%E3%82%A4
イシドジョウ,/wiki/%E3%82%A4%E3%82%B7%E3%83%89%E3%82%B8%E3%83%A7%E3%82%A6
イシナギ,/wiki/%E3%82%A4%E3%82%B7%E3%83%8A%E3%82%AE
イシフエダイ,/wiki/%E3%82%A4%E3%82%B7%E3%83%95%E3%82%A8%E3%83%80%E3%82%A4
イシモチ,/wiki/%E3%82%A4%E3%82%B7%E3%83%A2%E3%83%81
シログチ,/wiki/%E3%82%B7%E3%83%AD%E3%82%B0%E3%83%81
イスズミ,/wiki/%E3%82%A4%E3%82%B9%E3%82%BA%E3%83%9F
イズハナトラザメ,/wiki/%E3%82%A4%E3%82%BA%E3%83%8F%E3%83%8A%E3%83%88%E3%83%A9%E3%82%B6%E3%83%A1
イズミハゼ,/wiki/%E3%82%A4%E3%82%BA%E3%83%9F%E3%83%8F%E3%82%BC
イセゴイ,/wiki/%E3%82%A4%E3%82%BB%E3%82%B4%E3%82%A4
イソギンポ,/w/index.php?title=%E3%82%A4%E3%82%BD%E3%82%AE%E3%83%B3%E3%83%9D&action=edit&redlink=1
イソマグロ,/wiki/%E3%82%A4%E3%82%BD%E3%83%9E%E3%82%B0%E3%83%AD
イタセンパラ,/wiki/%E3%82%A4%E3%82%BF%E3%82%BB%E3%83%B3%E3%83%91%E3%83%A9
イタチウオ,/wiki/%E3%82%A4%E3%82%BF%E3%83%81%E3%82%A6%E3%82%AA
イタチザメ,/wiki/%E3%82%A4%E3%82%BF%E3%83%81%E3%82%B6%E3%83%A1
イッテンチョウチョウウオ,/wiki/%E3%82%A4%E3%83%83%E3%83%86%E3%83%B3%E3%83%81%E3%83%A7%E3%82%A6%E3%83%81%E3%83%A7%E3%82%A6%E3%82%A6%E3%82%AA
イットウダイ,/wiki/%E3%82%A4%E3%83%83%E3%83%88%E3%82%A6%E3%83%80%E3%82%A4
イトウ,/wiki/%E3%82%A4%E3%83%88%E3%82%A6
イトヒキアジ,/wiki/%E3%82%A4%E3%83%88%E3%83%92%E3%82%AD%E3%82%A2%E3%82%B8
イトヒキイワシ,/wiki/%E3%82%A4%E3%83%88%E3%83%92%E3%82%AD%E3%82%A4%E3%83%AF%E3%82%B7
イトヒキハゼ,/wiki/%E3%82%A4%E3%83%88%E3%83%92%E3%82%AD%E3%83%8F%E3%82%BC
イトヒキフエダイ,/wiki/%E3%82%A4%E3%83%88%E3%83%92%E3%82%AD%E3%83%95%E3%82%A8%E3%83%80%E3%82%A4
イトマキエイ,/wiki/%E3%82%A4%E3%83%88%E3%83%9E%E3%82%AD%E3%82%A8%E3%82%A4
イトマキフグ,/wiki/%E3%82%A4%E3%83%88%E3%83%9E%E3%82%AD%E3%83%95%E3%82%B0
イトヨ,/wiki/%E3%82%A4%E3%83%88%E3%83%A8
イトヨリダイ,/wiki/%E3%82%A4%E3%83%88%E3%83%A8%E3%83%AA%E3%83%80%E3%82%A4
イヌザメ,/wiki/%E3%82%A4%E3%83%8C%E3%82%B6%E3%83%A1
ブリ,/wiki/%E3%83%96%E3%83%AA
イボダイ,/wiki/%E3%82%A4%E3%83%9C%E3%83%80%E3%82%A4
イラ,/wiki/%E3%82%A4%E3%83%A9
イレズミコンニャクアジ,/wiki/%E3%82%A4%E3%83%AC%E3%82%BA%E3%83%9F%E3%82%B3%E3%83%B3%E3%83%8B%E3%83%A3%E3%82%AF%E3%82%A2%E3%82%B8
イレズミフエダイ,/w/index.php?title=%E3%82%A4%E3%83%AC%E3%82%BA%E3%83%9F%E3%83%95%E3%82%A8%E3%83%80%E3%82%A4&action=edit&redlink=1
イワシ,/wiki/%E3%82%A4%E3%83%AF%E3%82%B7
マイワシ,/wiki/%E3%83%9E%E3%82%A4%E3%83%AF%E3%82%B7
カタクチイワシ,/wiki/%E3%82%AB%E3%82%BF%E3%82%AF%E3%83%81%E3%82%A4%E3%83%AF%E3%82%B7
ウルメイワシ,/wiki/%E3%82%A6%E3%83%AB%E3%83%A1%E3%82%A4%E3%83%AF%E3%82%B7
イワナ,/wiki/%E3%82%A4%E3%83%AF%E3%83%8A
ヴァリアタス,/wiki/%E3%83%B4%E3%82%A1%E3%83%AA%E3%82%A2%E3%82%BF%E3%82%B9
ウキゴリ,/wiki/%E3%82%A6%E3%82%AD%E3%82%B4%E3%83%AA
ウグイ,/wiki/%E3%82%A6%E3%82%B0%E3%82%A4
ウケクチウグイ,/wiki/%E3%82%A6%E3%82%B1%E3%82%AF%E3%83%81%E3%82%A6%E3%82%B0%E3%82%A4
オオメジロザメ,/wiki/%E3%82%AA%E3%82%AA%E3%83%A1%E3%82%B8%E3%83%AD%E3%82%B6%E3%83%A1
ウスバハギ,/wiki/%E3%82%A6%E3%82%B9%E3%83%90%E3%83%8F%E3%82%AE
ウィーディ・シードラゴン,/wiki/%E3%82%A6%E3%82%A3%E3%83%BC%E3%83%87%E3%82%A3%E3%83%BB%E3%82%B7%E3%83%BC%E3%83%89%E3%83%A9%E3%82%B4%E3%83%B3
ウシノシタ,/wiki/%E3%82%A6%E3%82%B7%E3%83%8E%E3%82%B7%E3%82%BF
ウシモツゴ,/wiki/%E3%82%A6%E3%82%B7%E3%83%A2%E3%83%84%E3%82%B4
ウチワザメ,/w/index.php?title=%E3%82%A6%E3%83%81%E3%83%AF%E3%82%B6%E3%83%A1&action=edit&redlink=1
ウツボ,/wiki/%E3%82%A6%E3%83%84%E3%83%9C
ウナギ,/wiki/%E3%82%A6%E3%83%8A%E3%82%AE
ウバウオ,/wiki/%E3%82%A6%E3%83%90%E3%82%A6%E3%82%AA
ウバザメ,/wiki/%E3%82%A6%E3%83%90%E3%82%B6%E3%83%A1
ウマヅラハギ,/wiki/%E3%82%A6%E3%83%9E%E3%83%85%E3%83%A9%E3%83%8F%E3%82%AE
ウミタナゴ,/wiki/%E3%82%A6%E3%83%9F%E3%82%BF%E3%83%8A%E3%82%B4
ウミテング,/wiki/%E3%82%A6%E3%83%9F%E3%83%86%E3%83%B3%E3%82%B0
ウミヒゴイ,/w/index.php?title=%E3%82%A6%E3%83%9F%E3%83%92%E3%82%B4%E3%82%A4&action=edit&redlink=1
ウミメダカ,/w/index.php?title=%E3%82%A6%E3%83%9F%E3%83%A1%E3%83%80%E3%82%AB&action=edit&redlink=1
ウメイロ,/wiki/%E3%82%A6%E3%83%A1%E3%82%A4%E3%83%AD
ウラウチフエダイ,/wiki/%E3%82%A6%E3%83%A9%E3%82%A6%E3%83%81%E3%83%95%E3%82%A8%E3%83%80%E3%82%A4
ウラシマチョウチョウウオ,/wiki/%E3%82%A6%E3%83%A9%E3%82%B7%E3%83%9E%E3%83%81%E3%83%A7%E3%82%A6%E3%83%81%E3%83%A7%E3%82%A6%E3%82%A6%E3%82%AA
ウルメイワシ,/wiki/%E3%82%A6%E3%83%AB%E3%83%A1%E3%82%A4%E3%83%AF%E3%82%B7
ウロハゼ,/wiki/%E3%82%A6%E3%83%AD%E3%83%8F%E3%82%BC
エイ,/wiki/%E3%82%A8%E3%82%A4
エソ,/wiki/%E3%82%A8%E3%82%BD
エツ,/wiki/%E3%82%A8%E3%83%84
エデスタス,/wiki/%E3%82%A8%E3%83%87%E3%82%B9%E3%82%BF%E3%82%B9
エトマロサ・フィンブリアタ,/wiki/%E3%82%A8%E3%83%88%E3%83%9E%E3%83%AD%E3%82%B5%E3%83%BB%E3%83%95%E3%82%A3%E3%83%B3%E3%83%96%E3%83%AA%E3%82%A2%E3%82%BF
エドアブラザメ,/wiki/%E3%82%A8%E3%83%89%E3%82%A2%E3%83%96%E3%83%A9%E3%82%B6%E3%83%A1
エビスザメ,/wiki/%E3%82%A8%E3%83%93%E3%82%B9%E3%82%B6%E3%83%A1
エボシダイ,/wiki/%E3%82%A8%E3%83%9C%E3%82%B7%E3%83%80%E3%82%A4
エボダイ,/wiki/%E3%82%A8%E3%83%9C%E3%83%80%E3%82%A4
エポーレットシャーク,/wiki/%E3%82%A8%E3%83%9D%E3%83%BC%E3%83%AC%E3%83%83%E3%83%88%E3%82%B7%E3%83%A3%E3%83%BC%E3%82%AF
エレファントノーズフィッシュ,/wiki/%E3%82%A8%E3%83%AC%E3%83%95%E3%82%A1%E3%83%B3%E3%83%88%E3%83%8E%E3%83%BC%E3%82%BA%E3%83%95%E3%82%A3%E3%83%83%E3%82%B7%E3%83%A5
エンゼルフィッシュ,/wiki/%E3%82%A8%E3%83%B3%E3%82%BC%E3%83%AB%E3%83%95%E3%82%A3%E3%83%83%E3%82%B7%E3%83%A5
エンペラーテトラ,/wiki/%E3%82%A8%E3%83%B3%E3%83%9A%E3%83%A9%E3%83%BC%E3%83%86%E3%83%88%E3%83%A9
エンドラーズ・ライブベアラ,/wiki/%E3%82%A8%E3%83%B3%E3%83%89%E3%83%A9%E3%83%BC%E3%82%BA%E3%83%BB%E3%83%A9%E3%82%A4%E3%83%96%E3%83%99%E3%82%A2%E3%83%A9
オイカワ,/wiki/%E3%82%AA%E3%82%A4%E3%82%AB%E3%83%AF
オオウナギ,/wiki/%E3%82%AA%E3%82%AA%E3%82%A6%E3%83%8A%E3%82%AE
オオカミウオ,/wiki/%E3%82%AA%E3%82%AA%E3%82%AB%E3%83%9F%E3%82%A6%E3%82%AA
オオクチイシナギ,/w/index.php?title=%E3%82%AA%E3%82%AA%E3%82%AF%E3%83%81%E3%82%A4%E3%82%B7%E3%83%8A%E3%82%AE&action=edit&redlink=1
オオクチバス,/wiki/%E3%82%AA%E3%82%AA%E3%82%AF%E3%83%81%E3%83%90%E3%82%B9
オオスジヒメジ,/w/index.php?title=%E3%82%AA%E3%82%AA%E3%82%B9%E3%82%B8%E3%83%92%E3%83%A1%E3%82%B8&action=edit&redlink=1
オオセ,/wiki/%E3%82%AA%E3%82%AA%E3%82%BB
オオタナゴ,/wiki/%E3%82%AA%E3%82%AA%E3%82%BF%E3%83%8A%E3%82%B4
スズキ,/wiki/%E3%82%B9%E3%82%BA%E3%82%AD_(%E9%AD%9A)
オオチョウザメ,/wiki/%E3%82%AA%E3%82%AA%E3%83%81%E3%83%A7%E3%82%A6%E3%82%B6%E3%83%A1
オオニベ,/w/index.php?title=%E3%82%AA%E3%82%AA%E3%83%8B%E3%83%99&action=edit&redlink=1
オオメジロザメ,/wiki/%E3%82%AA%E3%82%AA%E3%83%A1%E3%82%B8%E3%83%AD%E3%82%B6%E3%83%A1
オオメハタ,/w/index.php?title=%E3%82%AA%E3%82%AA%E3%83%A1%E3%83%8F%E3%82%BF&action=edit&redlink=1
オオワニザメ,/wiki/%E3%82%AA%E3%82%AA%E3%83%AF%E3%83%8B%E3%82%B6%E3%83%A1
オキエソ,/wiki/%E3%82%AA%E3%82%AD%E3%82%A8%E3%82%BD
オグロメジロザメ,/wiki/%E3%82%AA%E3%82%B0%E3%83%AD%E3%83%A1%E3%82%B8%E3%83%AD%E3%82%B6%E3%83%A1
オニオコゼ,/wiki/%E3%82%AA%E3%83%8B%E3%82%AA%E3%82%B3%E3%82%BC
ハオコゼ,/wiki/%E3%83%8F%E3%82%AA%E3%82%B3%E3%82%BC
オジサン,/wiki/%E3%82%AA%E3%82%B8%E3%82%B5%E3%83%B3
オショロコマ,/wiki/%E3%82%AA%E3%82%B7%E3%83%A7%E3%83%AD%E3%82%B3%E3%83%9E
オトシンクルス,/wiki/%E3%82%AA%E3%83%88%E3%82%B7%E3%83%B3%E3%82%AF%E3%83%AB%E3%82%B9
ハマダイ,/wiki/%E3%83%8F%E3%83%9E%E3%83%80%E3%82%A4
オナガザメ,/wiki/%E3%82%AA%E3%83%8A%E3%82%AC%E3%82%B6%E3%83%A1
オニイトマキエイ,/wiki/%E3%82%AA%E3%83%8B%E3%82%A4%E3%83%88%E3%83%9E%E3%82%AD%E3%82%A8%E3%82%A4
オニオコゼ,/wiki/%E3%82%AA%E3%83%8B%E3%82%AA%E3%82%B3%E3%82%BC
オニカサゴ,/w/index.php?title=%E3%82%AA%E3%83%8B%E3%82%AB%E3%82%B5%E3%82%B4&action=edit&redlink=1
オニカマス,/wiki/%E3%82%AA%E3%83%8B%E3%82%AB%E3%83%9E%E3%82%B9
オニキンメ,/wiki/%E3%82%AA%E3%83%8B%E3%82%AD%E3%83%B3%E3%83%A1
オニダルマオコゼ,/wiki/%E3%82%AA%E3%83%8B%E3%83%80%E3%83%AB%E3%83%9E%E3%82%AA%E3%82%B3%E3%82%BC
オヒョウ,/wiki/%E3%82%AA%E3%83%92%E3%83%A7%E3%82%A6
ボラ,/wiki/%E3%83%9C%E3%83%A9
オヤニラミ,/wiki/%E3%82%AA%E3%83%A4%E3%83%8B%E3%83%A9%E3%83%9F
オヤビッチャ,/wiki/%E3%82%AA%E3%83%A4%E3%83%93%E3%83%83%E3%83%81%E3%83%A3
ガー,/wiki/%E3%82%AC%E3%83%BC
カイヤン,/wiki/%E3%82%AB%E3%82%A4%E3%83%A4%E3%83%B3
カイワリ,/wiki/%E3%82%AB%E3%82%A4%E3%83%AF%E3%83%AA
カエルアンコウ,/wiki/%E3%82%AB%E3%82%A8%E3%83%AB%E3%82%A2%E3%83%B3%E3%82%B3%E3%82%A6
カエルウオ,/w/index.php?title=%E3%82%AB%E3%82%A8%E3%83%AB%E3%82%A6%E3%82%AA&action=edit&redlink=1
カクレウオ,/w/index.php?title=%E3%82%AB%E3%82%AF%E3%83%AC%E3%82%A6%E3%82%AA&action=edit&redlink=1
カクレクマノミ,/wiki/%E3%82%AB%E3%82%AF%E3%83%AC%E3%82%AF%E3%83%9E%E3%83%8E%E3%83%9F
カゴカキダイ,/wiki/%E3%82%AB%E3%82%B4%E3%82%AB%E3%82%AD%E3%83%80%E3%82%A4
カサゴ,/wiki/%E3%82%AB%E3%82%B5%E3%82%B4
カジカ (魚),/wiki/%E3%82%AB%E3%82%B8%E3%82%AB_(%E9%AD%9A)
カジキ,/wiki/%E3%82%AB%E3%82%B8%E3%82%AD
カジキ,/wiki/%E3%82%AB%E3%82%B8%E3%82%AD
カージナルテトラ,/wiki/%E3%82%AB%E3%83%BC%E3%82%B8%E3%83%8A%E3%83%AB%E3%83%86%E3%83%88%E3%83%A9
カスザメ,/wiki/%E3%82%AB%E3%82%B9%E3%82%B6%E3%83%A1
ガストロ,/wiki/%E3%82%AC%E3%82%B9%E3%83%88%E3%83%AD
カスミチョウチョウウオ,/w/index.php?title=%E3%82%AB%E3%82%B9%E3%83%9F%E3%83%81%E3%83%A7%E3%82%A6%E3%83%81%E3%83%A7%E3%82%A6%E3%82%A6%E3%82%AA&action=edit&redlink=1
カゼトゲタナゴ,/wiki/%E3%82%AB%E3%82%BC%E3%83%88%E3%82%B2%E3%82%BF%E3%83%8A%E3%82%B4
カタクチイワシ,/wiki/%E3%82%AB%E3%82%BF%E3%82%AF%E3%83%81%E3%82%A4%E3%83%AF%E3%82%B7
カダヤシ,/wiki/%E3%82%AB%E3%83%80%E3%83%A4%E3%82%B7
カツオ,/wiki/%E3%82%AB%E3%83%84%E3%82%AA
カナガシラ,/wiki/%E3%82%AB%E3%83%8A%E3%82%AC%E3%82%B7%E3%83%A9
カネヒラ,/wiki/%E3%82%AB%E3%83%8D%E3%83%92%E3%83%A9
カブトウオ,/wiki/%E3%82%AB%E3%83%96%E3%83%88%E3%82%A6%E3%82%AA
カマス,/wiki/%E3%82%AB%E3%83%9E%E3%82%B9
カマスサワラ,/wiki/%E3%82%AB%E3%83%9E%E3%82%B9%E3%82%B5%E3%83%AF%E3%83%A9
カマツカ (魚),/wiki/%E3%82%AB%E3%83%9E%E3%83%84%E3%82%AB_(%E9%AD%9A)
カミソリウオ,/w/index.php?title=%E3%82%AB%E3%83%9F%E3%82%BD%E3%83%AA%E3%82%A6%E3%82%AA&action=edit&redlink=1
ハタハタ,/wiki/%E3%83%8F%E3%82%BF%E3%83%8F%E3%82%BF
カムルチー,/wiki/%E3%82%AB%E3%83%A0%E3%83%AB%E3%83%81%E3%83%BC
ライギョ,/wiki/%E3%83%A9%E3%82%A4%E3%82%AE%E3%83%A7
エゾメバル,/w/index.php?title=%E3%82%A8%E3%82%BE%E3%83%A1%E3%83%90%E3%83%AB&action=edit&redlink=1
カライワシ,/w/index.php?title=%E3%82%AB%E3%83%A9%E3%82%A4%E3%83%AF%E3%82%B7&action=edit&redlink=1
カラスガレイ,/wiki/%E3%82%AB%E3%83%A9%E3%82%B9%E3%82%AC%E3%83%AC%E3%82%A4
カラフトシシャモ,/wiki/%E3%82%AB%E3%83%A9%E3%83%95%E3%83%88%E3%82%B7%E3%82%B7%E3%83%A3%E3%83%A2
カラフトマス,/wiki/%E3%82%AB%E3%83%A9%E3%83%95%E3%83%88%E3%83%9E%E3%82%B9
ドクターフィッシュ,/wiki/%E3%83%89%E3%82%AF%E3%82%BF%E3%83%BC%E3%83%95%E3%82%A3%E3%83%83%E3%82%B7%E3%83%A5
カレイ,/wiki/%E3%82%AB%E3%83%AC%E3%82%A4
カワアナゴ,/wiki/%E3%82%AB%E3%83%AF%E3%82%A2%E3%83%8A%E3%82%B4
カワカマス,/wiki/%E3%82%AB%E3%83%AF%E3%82%AB%E3%83%9E%E3%82%B9
カワハギ,/wiki/%E3%82%AB%E3%83%AF%E3%83%8F%E3%82%AE
カワバタモロコ,/wiki/%E3%82%AB%E3%83%AF%E3%83%90%E3%82%BF%E3%83%A2%E3%83%AD%E3%82%B3
カワヒガイ,/wiki/%E3%82%AB%E3%83%AF%E3%83%92%E3%82%AC%E3%82%A4
カワビシャ,/w/index.php?title=%E3%82%AB%E3%83%AF%E3%83%93%E3%82%B7%E3%83%A3&action=edit&redlink=1
カワムツ,/wiki/%E3%82%AB%E3%83%AF%E3%83%A0%E3%83%84
カワメバル,/w/index.php?title=%E3%82%AB%E3%83%AF%E3%83%A1%E3%83%90%E3%83%AB&action=edit&redlink=1
カワヤツメ,/w/index.php?title=%E3%82%AB%E3%83%AF%E3%83%A4%E3%83%84%E3%83%A1&action=edit&redlink=1
コブダイ,/wiki/%E3%82%B3%E3%83%96%E3%83%80%E3%82%A4
カンディル,/wiki/%E3%82%AB%E3%83%B3%E3%83%87%E3%82%A3%E3%83%AB
カンパチ,/wiki/%E3%82%AB%E3%83%B3%E3%83%91%E3%83%81
カンムリブダイ,/w/index.php?title=%E3%82%AB%E3%83%B3%E3%83%A0%E3%83%AA%E3%83%96%E3%83%80%E3%82%A4&action=edit&redlink=1
キイロサンゴハゼ,/wiki/%E3%82%AD%E3%82%A4%E3%83%AD%E3%82%B5%E3%83%B3%E3%82%B4%E3%83%8F%E3%82%BC
ギギ,/wiki/%E3%82%AE%E3%82%AE
キジハタ,/wiki/%E3%82%AD%E3%82%B8%E3%83%8F%E3%82%BF
キス,/wiki/%E3%82%AD%E3%82%B9_(%E9%AD%9A)
ギス,/wiki/%E3%82%AE%E3%82%B9
キダイ,/wiki/%E3%82%AD%E3%83%80%E3%82%A4
キタマクラ,/w/index.php?title=%E3%82%AD%E3%82%BF%E3%83%9E%E3%82%AF%E3%83%A9&action=edit&redlink=1
ギチベラ,/w/index.php?title=%E3%82%AE%E3%83%81%E3%83%99%E3%83%A9&action=edit&redlink=1
キッシンググラミー,/wiki/%E3%82%AD%E3%83%83%E3%82%B7%E3%83%B3%E3%82%B0%E3%82%B0%E3%83%A9%E3%83%9F%E3%83%BC
キツネダイ,/w/index.php?title=%E3%82%AD%E3%83%84%E3%83%8D%E3%83%80%E3%82%A4&action=edit&redlink=1
キヌバリ,/wiki/%E3%82%AD%E3%83%8C%E3%83%90%E3%83%AA
キノボリウオ,/wiki/%E3%82%AD%E3%83%8E%E3%83%9C%E3%83%AA%E3%82%A6%E3%82%AA
キハダ,/wiki/%E3%82%AD%E3%83%8F%E3%83%80
ギバチ,/wiki/%E3%82%AE%E3%83%90%E3%83%81
キハッソク,/w/index.php?title=%E3%82%AD%E3%83%8F%E3%83%83%E3%82%BD%E3%82%AF&action=edit&redlink=1
キビナゴ,/wiki/%E3%82%AD%E3%83%93%E3%83%8A%E3%82%B4
キホウボウ,/w/index.php?title=%E3%82%AD%E3%83%9B%E3%82%A6%E3%83%9C%E3%82%A6&action=edit&redlink=1
ギマ,/w/index.php?title=%E3%82%AE%E3%83%9E&action=edit&redlink=1
キュウセン,/wiki/%E3%82%AD%E3%83%A5%E3%82%A6%E3%82%BB%E3%83%B3
キュウリウオ,/wiki/%E3%82%AD%E3%83%A5%E3%82%A6%E3%83%AA%E3%82%A6%E3%82%AA
ギンカガミ,/w/index.php?title=%E3%82%AE%E3%83%B3%E3%82%AB%E3%82%AC%E3%83%9F&action=edit&redlink=1
ギンガメアジ,/wiki/%E3%82%AE%E3%83%B3%E3%82%AC%E3%83%A1%E3%82%A2%E3%82%B8
キンギョ,/wiki/%E3%82%AD%E3%83%B3%E3%82%AE%E3%83%A7
キングクリップ,/wiki/%E3%82%AD%E3%83%B3%E3%82%B0%E3%82%AF%E3%83%AA%E3%83%83%E3%83%97
マスノスケ,/wiki/%E3%83%9E%E3%82%B9%E3%83%8E%E3%82%B9%E3%82%B1
ギンザケ,/wiki/%E3%82%AE%E3%83%B3%E3%82%B6%E3%82%B1
ギンザメ,/wiki/%E3%82%AE%E3%83%B3%E3%82%B6%E3%83%A1
ギンダラ,/wiki/%E3%82%AE%E3%83%B3%E3%83%80%E3%83%A9
キンチャクダイ,/wiki/%E3%82%AD%E3%83%B3%E3%83%81%E3%83%A3%E3%82%AF%E3%83%80%E3%82%A4
キントキダイ,/wiki/%E3%82%AD%E3%83%B3%E3%83%88%E3%82%AD%E3%83%80%E3%82%A4
キンブナ,/wiki/%E3%82%AD%E3%83%B3%E3%83%96%E3%83%8A
ギンブナ,/wiki/%E3%82%AE%E3%83%B3%E3%83%96%E3%83%8A
ギンポ,/wiki/%E3%82%AE%E3%83%B3%E3%83%9D
マジェランアイナメ,/wiki/%E3%83%9E%E3%82%B8%E3%82%A7%E3%83%A9%E3%83%B3%E3%82%A2%E3%82%A4%E3%83%8A%E3%83%A1
キンメダイ,/wiki/%E3%82%AD%E3%83%B3%E3%83%A1%E3%83%80%E3%82%A4
ギンメダイ,/w/index.php?title=%E3%82%AE%E3%83%B3%E3%83%A1%E3%83%80%E3%82%A4&action=edit&redlink=1
ギンユゴイ,/wiki/%E3%82%AE%E3%83%B3%E3%83%A6%E3%82%B4%E3%82%A4
クエ,/wiki/%E3%82%AF%E3%82%A8
クサウオ,/w/index.php?title=%E3%82%AF%E3%82%B5%E3%82%A6%E3%82%AA&action=edit&redlink=1
クサフグ,/wiki/%E3%82%AF%E3%82%B5%E3%83%95%E3%82%B0
クダヤガラ,/w/index.php?title=%E3%82%AF%E3%83%80%E3%83%A4%E3%82%AC%E3%83%A9&action=edit&redlink=1
モツゴ,/wiki/%E3%83%A2%E3%83%84%E3%82%B4
グッピー,/wiki/%E3%82%B0%E3%83%83%E3%83%94%E3%83%BC
クテノポマ,/wiki/%E3%82%AF%E3%83%86%E3%83%8E%E3%83%9D%E3%83%9E
クニマス,/wiki/%E3%82%AF%E3%83%8B%E3%83%9E%E3%82%B9
クマノミ,/wiki/%E3%82%AF%E3%83%9E%E3%83%8E%E3%83%9F
クモハゼ,/wiki/%E3%82%AF%E3%83%A2%E3%83%8F%E3%82%BC
クラウンローチ,/wiki/%E3%82%AF%E3%83%A9%E3%82%A6%E3%83%B3%E3%83%AD%E3%83%BC%E3%83%81
クラカケモンガラ,/wiki/%E3%82%AF%E3%83%A9%E3%82%AB%E3%82%B1%E3%83%A2%E3%83%B3%E3%82%AC%E3%83%A9
グラスフィッシュ,/wiki/%E3%82%B0%E3%83%A9%E3%82%B9%E3%83%95%E3%82%A3%E3%83%83%E3%82%B7%E3%83%A5
クラドセラケ,/wiki/%E3%82%AF%E3%83%A9%E3%83%89%E3%82%BB%E3%83%A9%E3%82%B1
グラミー,/wiki/%E3%82%B0%E3%83%A9%E3%83%9F%E3%83%BC
クーリーローチ,/wiki/%E3%82%AF%E3%83%BC%E3%83%AA%E3%83%BC%E3%83%AD%E3%83%BC%E3%83%81
グリーンネオンテトラ,/wiki/%E3%82%B0%E3%83%AA%E3%83%BC%E3%83%B3%E3%83%8D%E3%82%AA%E3%83%B3%E3%83%86%E3%83%88%E3%83%A9
グリーンファイヤーテトラ,/wiki/%E3%82%B0%E3%83%AA%E3%83%BC%E3%83%B3%E3%83%95%E3%82%A1%E3%82%A4%E3%83%A4%E3%83%BC%E3%83%86%E3%83%88%E3%83%A9
グルクマ,/wiki/%E3%82%B0%E3%83%AB%E3%82%AF%E3%83%9E
タカサゴ,/wiki/%E3%82%BF%E3%82%AB%E3%82%B5%E3%82%B4
メジナ,/wiki/%E3%83%A1%E3%82%B8%E3%83%8A
クロウシノシタ,/wiki/%E3%82%AF%E3%83%AD%E3%82%A6%E3%82%B7%E3%83%8E%E3%82%B7%E3%82%BF
クロカジキ,/wiki/%E3%82%AF%E3%83%AD%E3%82%AB%E3%82%B8%E3%82%AD
クロカジキ,/wiki/%E3%82%AF%E3%83%AD%E3%82%AB%E3%82%B8%E3%82%AD
クロサギ (魚),/wiki/%E3%82%AF%E3%83%AD%E3%82%B5%E3%82%AE_(%E9%AD%9A)
クロダイ,/wiki/%E3%82%AF%E3%83%AD%E3%83%80%E3%82%A4
クロタチカマス,/wiki/%E3%82%AF%E3%83%AD%E3%82%BF%E3%83%81%E3%82%AB%E3%83%9E%E3%82%B9
クロトガリザメ,/wiki/%E3%82%AF%E3%83%AD%E3%83%88%E3%82%AC%E3%83%AA%E3%82%B6%E3%83%A1
クロヒラアジ,/wiki/%E3%82%AF%E3%83%AD%E3%83%92%E3%83%A9%E3%82%A2%E3%82%B8
クロマグロ,/wiki/%E3%82%AF%E3%83%AD%E3%83%9E%E3%82%B0%E3%83%AD
ムツ,/wiki/%E3%83%A0%E3%83%84
グローライトテトラ,/wiki/%E3%82%B0%E3%83%AD%E3%83%BC%E3%83%A9%E3%82%A4%E3%83%88%E3%83%86%E3%83%88%E3%83%A9
ケショウフグ,/wiki/%E3%82%B1%E3%82%B7%E3%83%A7%E3%82%A6%E3%83%95%E3%82%B0
ゲンゴロウブナ,/wiki/%E3%82%B2%E3%83%B3%E3%82%B4%E3%83%AD%E3%82%A6%E3%83%96%E3%83%8A
ゲンロクダイ,/w/index.php?title=%E3%82%B2%E3%83%B3%E3%83%AD%E3%82%AF%E3%83%80%E3%82%A4&action=edit&redlink=1
ギンザケ,/wiki/%E3%82%AE%E3%83%B3%E3%82%B6%E3%82%B1
ゴールデントラウト,/w/index.php?title=%E3%82%B4%E3%83%BC%E3%83%AB%E3%83%87%E3%83%B3%E3%83%88%E3%83%A9%E3%82%A6%E3%83%88&action=edit&redlink=1
コイ,/wiki/%E3%82%B3%E3%82%A4
コウライオヤニラミ,/wiki/%E3%82%B3%E3%82%A6%E3%83%A9%E3%82%A4%E3%82%AA%E3%83%A4%E3%83%8B%E3%83%A9%E3%83%9F
コクチバス,/wiki/%E3%82%B3%E3%82%AF%E3%83%81%E3%83%90%E3%82%B9
ゴクラクハゼ,/wiki/%E3%82%B4%E3%82%AF%E3%83%A9%E3%82%AF%E3%83%8F%E3%82%BC
コクレン,/wiki/%E3%82%B3%E3%82%AF%E3%83%AC%E3%83%B3
コショウダイ,/wiki/%E3%82%B3%E3%82%B7%E3%83%A7%E3%82%A6%E3%83%80%E3%82%A4
コチ,/wiki/%E3%82%B3%E3%83%81
コチョウザメ,/wiki/%E3%82%B3%E3%83%81%E3%83%A7%E3%82%A6%E3%82%B6%E3%83%A1
コノシロ,/wiki/%E3%82%B3%E3%83%8E%E3%82%B7%E3%83%AD
リーフフィッシュ,/wiki/%E3%83%AA%E3%83%BC%E3%83%95%E3%83%95%E3%82%A3%E3%83%83%E3%82%B7%E3%83%A5
コバンザメ,/wiki/%E3%82%B3%E3%83%90%E3%83%B3%E3%82%B6%E3%83%A1
コブダイ,/wiki/%E3%82%B3%E3%83%96%E3%83%80%E3%82%A4
コペラ,/wiki/%E3%82%B3%E3%83%9A%E3%83%A9
コマイ,/wiki/%E3%82%B3%E3%83%9E%E3%82%A4
ゴマサバ,/wiki/%E3%82%B4%E3%83%9E%E3%82%B5%E3%83%90
ゴマチョウチョウウオ,/wiki/%E3%82%B4%E3%83%9E%E3%83%81%E3%83%A7%E3%82%A6%E3%83%81%E3%83%A7%E3%82%A6%E3%82%A6%E3%82%AA
ゴマハゼ,/w/index.php?title=%E3%82%B4%E3%83%9E%E3%83%8F%E3%82%BC&action=edit&redlink=1
ゴマフエダイ,/wiki/%E3%82%B4%E3%83%9E%E3%83%95%E3%82%A8%E3%83%80%E3%82%A4
ゴマモンガラ,/wiki/%E3%82%B4%E3%83%9E%E3%83%A2%E3%83%B3%E3%82%AC%E3%83%A9
コモリウオ,/w/index.php?title=%E3%82%B3%E3%83%A2%E3%83%AA%E3%82%A6%E3%82%AA&action=edit&redlink=1
ゴリ,/wiki/%E3%82%B4%E3%83%AA
コリドラス,/wiki/%E3%82%B3%E3%83%AA%E3%83%89%E3%83%A9%E3%82%B9
コロザメ,/wiki/%E3%82%B3%E3%83%AD%E3%82%B6%E3%83%A1
コロソマ,/wiki/%E3%82%B3%E3%83%AD%E3%82%BD%E3%83%9E
コロダイ,/w/index.php?title=%E3%82%B3%E3%83%AD%E3%83%80%E3%82%A4&action=edit&redlink=1
コンゴウフグ,/wiki/%E3%82%B3%E3%83%B3%E3%82%B4%E3%82%A6%E3%83%95%E3%82%B0
コンゴテトラ,/wiki/%E3%82%B3%E3%83%B3%E3%82%B4%E3%83%86%E3%83%88%E3%83%A9
ゴンズイ,/wiki/%E3%82%B4%E3%83%B3%E3%82%BA%E3%82%A4
コンビクトシクリッド,/wiki/%E3%82%B3%E3%83%B3%E3%83%93%E3%82%AF%E3%83%88%E3%82%B7%E3%82%AF%E3%83%AA%E3%83%83%E3%83%89
サカサナマズ,/wiki/%E3%82%B5%E3%82%AB%E3%82%B5%E3%83%8A%E3%83%9E%E3%82%BA
サカタザメ,/wiki/%E3%82%B5%E3%82%AB%E3%82%BF%E3%82%B6%E3%83%A1
サギフエ,/wiki/%E3%82%B5%E3%82%AE%E3%83%95%E3%82%A8
サクラダイ,/wiki/%E3%82%B5%E3%82%AF%E3%83%A9%E3%83%80%E3%82%A4
サクラマス,/wiki/%E3%82%B5%E3%82%AF%E3%83%A9%E3%83%9E%E3%82%B9
サケ,/wiki/%E3%82%B5%E3%82%B1
サケ類,/wiki/%E3%82%B5%E3%82%B1%E9%A1%9E
サザナミヤッコ,/wiki/%E3%82%B5%E3%82%B6%E3%83%8A%E3%83%9F%E3%83%A4%E3%83%83%E3%82%B3
サザンプラティフィッシュ,/wiki/%E3%82%B5%E3%82%B6%E3%83%B3%E3%83%97%E3%83%A9%E3%83%86%E3%82%A3%E3%83%95%E3%82%A3%E3%83%83%E3%82%B7%E3%83%A5
サツキマス,/wiki/%E3%82%B5%E3%83%84%E3%82%AD%E3%83%9E%E3%82%B9
サッパ,/wiki/%E3%82%B5%E3%83%83%E3%83%91
サバ,/wiki/%E3%82%B5%E3%83%90
サバヒー,/wiki/%E3%82%B5%E3%83%90%E3%83%92%E3%83%BC
サバフグ,/wiki/%E3%82%B5%E3%83%90%E3%83%95%E3%82%B0
サメ,/wiki/%E3%82%B5%E3%83%A1
サメガレイ,/w/index.php?title=%E3%82%B5%E3%83%A1%E3%82%AC%E3%83%AC%E3%82%A4&action=edit&redlink=1
サヨリ,/wiki/%E3%82%B5%E3%83%A8%E3%83%AA
サラサハタ,/wiki/%E3%82%B5%E3%83%A9%E3%82%B5%E3%83%8F%E3%82%BF
サワラ,/wiki/%E3%82%B5%E3%83%AF%E3%83%A9
ナガヅエエソ,/wiki/%E3%83%8A%E3%82%AC%E3%83%85%E3%82%A8%E3%82%A8%E3%82%BD
サンゴトラザメ,/wiki/%E3%82%B5%E3%83%B3%E3%82%B4%E3%83%88%E3%83%A9%E3%82%B6%E3%83%A1
パイクパーチ,/wiki/%E3%83%91%E3%82%A4%E3%82%AF%E3%83%91%E3%83%BC%E3%83%81
サンマ,/wiki/%E3%82%B5%E3%83%B3%E3%83%9E
スズキ,/wiki/%E3%82%B9%E3%82%BA%E3%82%AD_(%E9%AD%9A)
シイラ,/wiki/%E3%82%B7%E3%82%A4%E3%83%A9
シーラカンス,/wiki/%E3%82%B7%E3%83%BC%E3%83%A9%E3%82%AB%E3%83%B3%E3%82%B9
シギウナギ,/wiki/%E3%82%B7%E3%82%AE%E3%82%A6%E3%83%8A%E3%82%AE
ジギョ,/wiki/%E3%82%B8%E3%82%AE%E3%83%A7
シクリッド,/wiki/%E3%82%B7%E3%82%AF%E3%83%AA%E3%83%83%E3%83%89
シシャモ,/wiki/%E3%82%B7%E3%82%B7%E3%83%A3%E3%83%A2
シタビラメ,/wiki/%E3%82%B7%E3%82%BF%E3%83%93%E3%83%A9%E3%83%A1
シノドンティス,/wiki/%E3%82%B7%E3%83%8E%E3%83%89%E3%83%B3%E3%83%86%E3%82%A3%E3%82%B9
シノノメサカタザメ,/wiki/%E3%82%B7%E3%83%8E%E3%83%8E%E3%83%A1%E3%82%B5%E3%82%AB%E3%82%BF%E3%82%B6%E3%83%A1
シビレエイ,/wiki/%E3%82%B7%E3%83%93%E3%83%AC%E3%82%A8%E3%82%A4
シファクティヌス,/wiki/%E3%82%B7%E3%83%95%E3%82%A1%E3%82%AF%E3%83%86%E3%82%A3%E3%83%8C%E3%82%B9
シマアジ,/wiki/%E3%82%B7%E3%83%9E%E3%82%A2%E3%82%B8
シマイサキ,/w/index.php?title=%E3%82%B7%E3%83%9E%E3%82%A4%E3%82%B5%E3%82%AD&action=edit&redlink=1
シマガツオ,/wiki/%E3%82%B7%E3%83%9E%E3%82%AC%E3%83%84%E3%82%AA
シマソイ,/wiki/%E3%82%B7%E3%83%9E%E3%82%BD%E3%82%A4
シマダイ,/wiki/%E3%82%B7%E3%83%9E%E3%83%80%E3%82%A4
シマドジョウ,/wiki/%E3%82%B7%E3%83%9E%E3%83%89%E3%82%B8%E3%83%A7%E3%82%A6
シマハギ,/wiki/%E3%82%B7%E3%83%9E%E3%83%8F%E3%82%AE
シマフグ,/wiki/%E3%82%B7%E3%83%9E%E3%83%95%E3%82%B0
ジムナーカス,/wiki/%E3%82%B8%E3%83%A0%E3%83%8A%E3%83%BC%E3%82%AB%E3%82%B9
シャチブリ,/w/index.php?title=%E3%82%B7%E3%83%A3%E3%83%81%E3%83%96%E3%83%AA&action=edit&redlink=1
シュモクザメ,/wiki/%E3%82%B7%E3%83%A5%E3%83%A2%E3%82%AF%E3%82%B6%E3%83%A1
ショベルノーズキャットフィッシュ,/wiki/%E3%82%B7%E3%83%A7%E3%83%99%E3%83%AB%E3%83%8E%E3%83%BC%E3%82%BA%E3%82%AD%E3%83%A3%E3%83%83%E3%83%88%E3%83%95%E3%82%A3%E3%83%83%E3%82%B7%E3%83%A5
シラウオ,/wiki/%E3%82%B7%E3%83%A9%E3%82%A6%E3%82%AA
シルバーアロワナ,/wiki/%E3%82%B7%E3%83%AB%E3%83%90%E3%83%BC%E3%82%A2%E3%83%AD%E3%83%AF%E3%83%8A
シルバーシャーク,/wiki/%E3%82%B7%E3%83%AB%E3%83%90%E3%83%BC%E3%82%B7%E3%83%A3%E3%83%BC%E3%82%AF
シルベーヘイク,/w/index.php?title=%E3%82%B7%E3%83%AB%E3%83%99%E3%83%BC%E3%83%98%E3%82%A4%E3%82%AF&action=edit&redlink=1
シロウオ,/wiki/%E3%82%B7%E3%83%AD%E3%82%A6%E3%82%AA
シロカジキ,/wiki/%E3%82%B7%E3%83%AD%E3%82%AB%E3%82%B8%E3%82%AD
シロガネアジ,/wiki/%E3%82%B7%E3%83%AD%E3%82%AC%E3%83%8D%E3%82%A2%E3%82%B8
キス,/wiki/%E3%82%AD%E3%82%B9_(%E9%AD%9A)
シログチ,/wiki/%E3%82%B7%E3%83%AD%E3%82%B0%E3%83%81
シロダイ,/w/index.php?title=%E3%82%B7%E3%83%AD%E3%83%80%E3%82%A4&action=edit&redlink=1
シロワニ,/wiki/%E3%82%B7%E3%83%AD%E3%83%AF%E3%83%8B
ジンベエザメ,/wiki/%E3%82%B8%E3%83%B3%E3%83%99%E3%82%A8%E3%82%B6%E3%83%A1
スカラレ・エンゼル,/wiki/%E3%82%B9%E3%82%AB%E3%83%A9%E3%83%AC%E3%83%BB%E3%82%A8%E3%83%B3%E3%82%BC%E3%83%AB
スギ (魚),/wiki/%E3%82%B9%E3%82%AE_(%E9%AD%9A)
スケトウダラ,/wiki/%E3%82%B9%E3%82%B1%E3%83%88%E3%82%A6%E3%83%80%E3%83%A9
スケトウダラ,/wiki/%E3%82%B9%E3%82%B1%E3%83%88%E3%82%A6%E3%83%80%E3%83%A9
スジシマドジョウ,/w/index.php?title=%E3%82%B9%E3%82%B8%E3%82%B7%E3%83%9E%E3%83%89%E3%82%B8%E3%83%A7%E3%82%A6&action=edit&redlink=1
スズキ,/wiki/%E3%82%B9%E3%82%BA%E3%82%AD_(%E9%AD%9A)
スズメダイ,/wiki/%E3%82%B9%E3%82%BA%E3%83%A1%E3%83%80%E3%82%A4
ステューレポルス,/wiki/%E3%82%B9%E3%83%86%E3%83%A5%E3%83%BC%E3%83%AC%E3%83%9D%E3%83%AB%E3%82%B9
ストライプドバス,/wiki/%E3%82%B9%E3%83%88%E3%83%A9%E3%82%A4%E3%83%97%E3%83%89%E3%83%90%E3%82%B9
ライギョ,/wiki/%E3%83%A9%E3%82%A4%E3%82%AE%E3%83%A7
スポッテッドガー,/wiki/%E3%82%B9%E3%83%9D%E3%83%83%E3%83%86%E3%83%83%E3%83%89%E3%82%AC%E3%83%BC
スマ,/wiki/%E3%82%B9%E3%83%9E
スミレヤッコ,/w/index.php?title=%E3%82%B9%E3%83%9F%E3%83%AC%E3%83%A4%E3%83%83%E3%82%B3&action=edit&redlink=1
スリースポットグラミー,/wiki/%E3%82%B9%E3%83%AA%E3%83%BC%E3%82%B9%E3%83%9D%E3%83%83%E3%83%88%E3%82%B0%E3%83%A9%E3%83%9F%E3%83%BC
スズキ,/wiki/%E3%82%B9%E3%82%BA%E3%82%AD_(%E9%AD%9A)
セイルフィン・モーリー,/wiki/%E3%82%BB%E3%82%A4%E3%83%AB%E3%83%95%E3%82%A3%E3%83%B3%E3%83%BB%E3%83%A2%E3%83%BC%E3%83%AA%E3%83%BC
セグロチョウチョウウオ,/wiki/%E3%82%BB%E3%82%B0%E3%83%AD%E3%83%81%E3%83%A7%E3%82%A6%E3%83%81%E3%83%A7%E3%82%A6%E3%82%A6%E3%82%AA
ゼゼラ,/wiki/%E3%82%BC%E3%82%BC%E3%83%A9
ゼニタナゴ,/wiki/%E3%82%BC%E3%83%8B%E3%82%BF%E3%83%8A%E3%82%B4
ゼブラフィッシュ,/wiki/%E3%82%BC%E3%83%96%E3%83%A9%E3%83%95%E3%82%A3%E3%83%83%E3%82%B7%E3%83%A5
セミホウボウ,/w/index.php?title=%E3%82%BB%E3%83%9F%E3%83%9B%E3%82%A6%E3%83%9C%E3%82%A6&action=edit&redlink=1
センネンダイ,/wiki/%E3%82%BB%E3%83%B3%E3%83%8D%E3%83%B3%E3%83%80%E3%82%A4
ソウシハギ,/wiki/%E3%82%BD%E3%82%A6%E3%82%B7%E3%83%8F%E3%82%AE
ソードテール,/wiki/%E3%82%BD%E3%83%BC%E3%83%89%E3%83%86%E3%83%BC%E3%83%AB
ソイ,/wiki/%E3%82%BD%E3%82%A4
ソウギョ,/wiki/%E3%82%BD%E3%82%A6%E3%82%AE%E3%83%A7
ソウダガツオ,/wiki/%E3%82%BD%E3%82%A6%E3%83%80%E3%82%AC%E3%83%84%E3%82%AA
ソラスズメダイ,/wiki/%E3%82%BD%E3%83%A9%E3%82%B9%E3%82%BA%E3%83%A1%E3%83%80%E3%82%A4
ターポン,/wiki/%E3%82%BF%E3%83%BC%E3%83%9D%E3%83%B3
タイ,/wiki/%E9%AF%9B
マダイ,/wiki/%E3%83%9E%E3%83%80%E3%82%A4
キダイ,/wiki/%E3%82%AD%E3%83%80%E3%82%A4
クロダイ,/wiki/%E3%82%AF%E3%83%AD%E3%83%80%E3%82%A4
タイガーショベルノーズキャットフィッシュ,/wiki/%E3%82%BF%E3%82%A4%E3%82%AC%E3%83%BC%E3%82%B7%E3%83%A7%E3%83%99%E3%83%AB%E3%83%8E%E3%83%BC%E3%82%BA%E3%82%AD%E3%83%A3%E3%83%83%E3%83%88%E3%83%95%E3%82%A3%E3%83%83%E3%82%B7%E3%83%A5
タイガーレッドテールキャットフィッシュ,/wiki/%E3%82%BF%E3%82%A4%E3%82%AC%E3%83%BC%E3%83%AC%E3%83%83%E3%83%89%E3%83%86%E3%83%BC%E3%83%AB%E3%82%AD%E3%83%A3%E3%83%83%E3%83%88%E3%83%95%E3%82%A3%E3%83%83%E3%82%B7%E3%83%A5
ダイヤモンドテトラ,/wiki/%E3%83%80%E3%82%A4%E3%83%A4%E3%83%A2%E3%83%B3%E3%83%89%E3%83%86%E3%83%88%E3%83%A9
タイセイヨウクロマグロ,/wiki/%E3%82%BF%E3%82%A4%E3%82%BB%E3%82%A4%E3%83%A8%E3%82%A6%E3%82%AF%E3%83%AD%E3%83%9E%E3%82%B0%E3%83%AD
タイセイヨウサケ,/wiki/%E3%82%BF%E3%82%A4%E3%82%BB%E3%82%A4%E3%83%A8%E3%82%A6%E3%82%B5%E3%82%B1
タイセイヨウダラ,/wiki/%E3%82%BF%E3%82%A4%E3%82%BB%E3%82%A4%E3%83%A8%E3%82%A6%E3%83%80%E3%83%A9
タラ,/wiki/%E3%82%BF%E3%83%A9
バラタナゴ,/wiki/%E3%83%90%E3%83%A9%E3%82%BF%E3%83%8A%E3%82%B4
ライギョ,/wiki/%E3%83%A9%E3%82%A4%E3%82%AE%E3%83%A7
タウナギ,/wiki/%E3%82%BF%E3%82%A6%E3%83%8A%E3%82%AE
タカサゴ,/wiki/%E3%82%BF%E3%82%AB%E3%82%B5%E3%82%B4
タカノハダイ,/wiki/%E3%82%BF%E3%82%AB%E3%83%8E%E3%83%8F%E3%83%80%E3%82%A4
タカハヤ,/wiki/%E3%82%BF%E3%82%AB%E3%83%8F%E3%83%A4
タカベ,/wiki/%E3%82%BF%E3%82%AB%E3%83%99
タキゲンロクダイ,/w/index.php?title=%E3%82%BF%E3%82%AD%E3%82%B2%E3%83%B3%E3%83%AD%E3%82%AF%E3%83%80%E3%82%A4&action=edit&redlink=1
ダトニオ,/wiki/%E3%83%80%E3%83%88%E3%83%8B%E3%82%AA
タチウオ,/wiki/%E3%82%BF%E3%83%81%E3%82%A6%E3%82%AA
ダツ,/wiki/%E3%83%80%E3%83%84
タツノオトシゴ,/wiki/%E3%82%BF%E3%83%84%E3%83%8E%E3%82%AA%E3%83%88%E3%82%B7%E3%82%B4
タテジマキンチャクダイ,/wiki/%E3%82%BF%E3%83%86%E3%82%B8%E3%83%9E%E3%82%AD%E3%83%B3%E3%83%81%E3%83%A3%E3%82%AF%E3%83%80%E3%82%A4
タナゴ,/wiki/%E3%82%BF%E3%83%8A%E3%82%B4
タニノボリ,/wiki/%E3%82%BF%E3%83%8B%E3%83%8E%E3%83%9C%E3%83%AA
タマカイ,/wiki/%E3%82%BF%E3%83%9E%E3%82%AB%E3%82%A4
タモロコ,/wiki/%E3%82%BF%E3%83%A2%E3%83%AD%E3%82%B3
タラ,/wiki/%E3%82%BF%E3%83%A9
ダルマガレイ,/w/index.php?title=%E3%83%80%E3%83%AB%E3%83%9E%E3%82%AC%E3%83%AC%E3%82%A4&action=edit&redlink=1
ダルマザメ,/wiki/%E3%83%80%E3%83%AB%E3%83%9E%E3%82%B6%E3%83%A1
ダンゴウオ,/w/index.php?title=%E3%83%80%E3%83%B3%E3%82%B4%E3%82%A6%E3%82%AA&action=edit&redlink=1
チカ,/wiki/%E3%83%81%E3%82%AB
チゴダラ,/w/index.php?title=%E3%83%81%E3%82%B4%E3%83%80%E3%83%A9&action=edit&redlink=1
チダイ,/w/index.php?title=%E3%83%81%E3%83%80%E3%82%A4&action=edit&redlink=1
チチカカオレスティア,/wiki/%E3%83%81%E3%83%81%E3%82%AB%E3%82%AB%E3%82%AA%E3%83%AC%E3%82%B9%E3%83%86%E3%82%A3%E3%82%A2
チチブ,/wiki/%E3%83%81%E3%83%81%E3%83%96
クロダイ,/wiki/%E3%82%AF%E3%83%AD%E3%83%80%E3%82%A4
チョウザメ,/wiki/%E3%83%81%E3%83%A7%E3%82%A6%E3%82%B6%E3%83%A1
チョウチョウウオ,/wiki/%E3%83%81%E3%83%A7%E3%82%A6%E3%83%81%E3%83%A7%E3%82%A6%E3%82%A6%E3%82%AA
チョウチンアンコウ,/wiki/%E3%83%81%E3%83%A7%E3%82%A6%E3%83%81%E3%83%B3%E3%82%A2%E3%83%B3%E3%82%B3%E3%82%A6
チョウハン,/wiki/%E3%83%81%E3%83%A7%E3%82%A6%E3%83%8F%E3%83%B3
チョコレートグラミー,/wiki/%E3%83%81%E3%83%A7%E3%82%B3%E3%83%AC%E3%83%BC%E3%83%88%E3%82%B0%E3%83%A9%E3%83%9F%E3%83%BC
チンアナゴ,/wiki/%E3%83%81%E3%83%B3%E3%82%A2%E3%83%8A%E3%82%B4
オイカワ,/wiki/%E3%82%AA%E3%82%A4%E3%82%AB%E3%83%AF
ツチフキ,/wiki/%E3%83%84%E3%83%81%E3%83%95%E3%82%AD
ツナ,/wiki/%E3%83%84%E3%83%8A
ツノダシ,/wiki/%E3%83%84%E3%83%8E%E3%83%80%E3%82%B7
ツバサハゼ,/wiki/%E3%83%84%E3%83%90%E3%82%B5%E3%83%8F%E3%82%BC
ツバメウオ,/wiki/%E3%83%84%E3%83%90%E3%83%A1%E3%82%A6%E3%82%AA
ツバメコノシロ,/w/index.php?title=%E3%83%84%E3%83%90%E3%83%A1%E3%82%B3%E3%83%8E%E3%82%B7%E3%83%AD&action=edit&redlink=1
ツボダイ,/w/index.php?title=%E3%83%84%E3%83%9C%E3%83%80%E3%82%A4&action=edit&redlink=1
ツマグロ,/wiki/%E3%83%84%E3%83%9E%E3%82%B0%E3%83%AD
ツムギハゼ,/wiki/%E3%83%84%E3%83%A0%E3%82%AE%E3%83%8F%E3%82%BC
ツムブリ,/wiki/%E3%83%84%E3%83%A0%E3%83%96%E3%83%AA
ディスカス,/wiki/%E3%83%87%E3%82%A3%E3%82%B9%E3%82%AB%E3%82%B9
ティラピア,/wiki/%E3%83%86%E3%82%A3%E3%83%A9%E3%83%94%E3%82%A2
テッポウウオ,/wiki/%E3%83%86%E3%83%83%E3%83%9D%E3%82%A6%E3%82%A6%E3%82%AA
テトラ,/wiki/%E3%83%86%E3%83%88%E3%83%A9
テナガミズテング,/wiki/%E3%83%86%E3%83%8A%E3%82%AC%E3%83%9F%E3%82%BA%E3%83%86%E3%83%B3%E3%82%B0
デバスズメダイ,/wiki/%E3%83%87%E3%83%90%E3%82%B9%E3%82%BA%E3%83%A1%E3%83%80%E3%82%A4
デメニギス,/wiki/%E3%83%87%E3%83%A1%E3%83%8B%E3%82%AE%E3%82%B9
デュメリリィ・エンゼル,/wiki/%E3%83%87%E3%83%A5%E3%83%A1%E3%83%AA%E3%83%AA%E3%82%A3%E3%83%BB%E3%82%A8%E3%83%B3%E3%82%BC%E3%83%AB
デンキウナギ,/wiki/%E3%83%87%E3%83%B3%E3%82%AD%E3%82%A6%E3%83%8A%E3%82%AE
デンキナマズ,/wiki/%E3%83%87%E3%83%B3%E3%82%AD%E3%83%8A%E3%83%9E%E3%82%BA
テングダイ,/w/index.php?title=%E3%83%86%E3%83%B3%E3%82%B0%E3%83%80%E3%82%A4&action=edit&redlink=1
テングハギ,/wiki/%E3%83%86%E3%83%B3%E3%82%B0%E3%83%8F%E3%82%AE
テンジクダイ,/wiki/%E3%83%86%E3%83%B3%E3%82%B8%E3%82%AF%E3%83%80%E3%82%A4
トウゴロウイワシ,/wiki/%E3%83%88%E3%82%A6%E3%82%B4%E3%83%AD%E3%82%A6%E3%82%A4%E3%83%AF%E3%82%B7
トウジン,/wiki/%E3%83%88%E3%82%A6%E3%82%B8%E3%83%B3
ドクターフィッシュ,/wiki/%E3%83%89%E3%82%AF%E3%82%BF%E3%83%BC%E3%83%95%E3%82%A3%E3%83%83%E3%82%B7%E3%83%A5
トクビレ,/wiki/%E3%83%88%E3%82%AF%E3%83%93%E3%83%AC
トゲチョウチョウウオ,/wiki/%E3%83%88%E3%82%B2%E3%83%81%E3%83%A7%E3%82%A6%E3%83%81%E3%83%A7%E3%82%A6%E3%82%A6%E3%82%AA
ドジョウ,/wiki/%E3%83%89%E3%82%B8%E3%83%A7%E3%82%A6
ドチザメ,/wiki/%E3%83%89%E3%83%81%E3%82%B6%E3%83%A1
ボラ,/wiki/%E3%83%9C%E3%83%A9
トビウオ,/wiki/%E3%83%88%E3%83%93%E3%82%A6%E3%82%AA
トビエイ,/wiki/%E3%83%88%E3%83%93%E3%82%A8%E3%82%A4
トビハゼ,/wiki/%E3%83%88%E3%83%93%E3%83%8F%E3%82%BC
トミヨ,/wiki/%E3%83%88%E3%83%9F%E3%83%A8
トラウツボ,/w/index.php?title=%E3%83%88%E3%83%A9%E3%82%A6%E3%83%84%E3%83%9C&action=edit&redlink=1
トラギス,/wiki/%E3%83%88%E3%83%A9%E3%82%AE%E3%82%B9
トラザメ,/wiki/%E3%83%88%E3%83%A9%E3%82%B6%E3%83%A1
ドラード,/wiki/%E3%83%89%E3%83%A9%E3%83%BC%E3%83%89
トラフグ,/wiki/%E3%83%88%E3%83%A9%E3%83%95%E3%82%B0
トラフザメ,/wiki/%E3%83%88%E3%83%A9%E3%83%95%E3%82%B6%E3%83%A1
ドロメ,/wiki/%E3%83%89%E3%83%AD%E3%83%A1
ドワーフグラミー,/wiki/%E3%83%89%E3%83%AF%E3%83%BC%E3%83%95%E3%82%B0%E3%83%A9%E3%83%9F%E3%83%BC
ドワーフシクリッド,/w/index.php?title=%E3%83%89%E3%83%AF%E3%83%BC%E3%83%95%E3%82%B7%E3%82%AF%E3%83%AA%E3%83%83%E3%83%89&action=edit&redlink=1
ドワーフスネークヘッド,/wiki/%E3%83%89%E3%83%AF%E3%83%BC%E3%83%95%E3%82%B9%E3%83%8D%E3%83%BC%E3%82%AF%E3%83%98%E3%83%83%E3%83%89
ドンコ,/wiki/%E3%83%89%E3%83%B3%E3%82%B3
チゴダラ,/w/index.php?title=%E3%83%81%E3%82%B4%E3%83%80%E3%83%A9&action=edit&redlink=1
エゾイソアイナメ,/w/index.php?title=%E3%82%A8%E3%82%BE%E3%82%A4%E3%82%BD%E3%82%A2%E3%82%A4%E3%83%8A%E3%83%A1&action=edit&redlink=1
トランスルーセントグラスキャットフィッシュ,/wiki/%E3%83%88%E3%83%A9%E3%83%B3%E3%82%B9%E3%83%AB%E3%83%BC%E3%82%BB%E3%83%B3%E3%83%88%E3%82%B0%E3%83%A9%E3%82%B9%E3%82%AD%E3%83%A3%E3%83%83%E3%83%88%E3%83%95%E3%82%A3%E3%83%83%E3%82%B7%E3%83%A5
パーカーホ,/wiki/%E3%83%91%E3%83%BC%E3%82%AB%E3%83%BC%E3%83%9B
ハイギョ,/wiki/%E3%83%8F%E3%82%A4%E3%82%AE%E3%83%A7
カワカマス,/wiki/%E3%82%AB%E3%83%AF%E3%82%AB%E3%83%9E%E3%82%B9
ハイランド・カープ,/w/index.php?title=%E3%83%8F%E3%82%A4%E3%83%A9%E3%83%B3%E3%83%89%E3%83%BB%E3%82%AB%E3%83%BC%E3%83%97&action=edit&redlink=1
ブリモドキ,/wiki/%E3%83%96%E3%83%AA%E3%83%A2%E3%83%89%E3%82%AD
ハオコゼ,/wiki/%E3%83%8F%E3%82%AA%E3%82%B3%E3%82%BC
ハガツオ,/wiki/%E3%83%8F%E3%82%AC%E3%83%84%E3%82%AA
ハクレン,/wiki/%E3%83%8F%E3%82%AF%E3%83%AC%E3%83%B3
ハコフグ,/wiki/%E3%83%8F%E3%82%B3%E3%83%95%E3%82%B0
ハコベラ,/wiki/%E3%83%8F%E3%82%B3%E3%83%99%E3%83%A9
ハシナガチョウチョウウオ,/wiki/%E3%83%8F%E3%82%B7%E3%83%8A%E3%82%AC%E3%83%81%E3%83%A7%E3%82%A6%E3%83%81%E3%83%A7%E3%82%A6%E3%82%A6%E3%82%AA
バショウカジキ,/wiki/%E3%83%90%E3%82%B7%E3%83%A7%E3%82%A6%E3%82%AB%E3%82%B8%E3%82%AD
ハス (魚),/wiki/%E3%83%8F%E3%82%B9_(%E9%AD%9A)
バス (魚),/wiki/%E3%83%90%E3%82%B9_(%E9%AD%9A)
ハゼ,/wiki/%E3%83%8F%E3%82%BC
ハタ (魚類),/wiki/%E3%83%8F%E3%82%BF_(%E9%AD%9A%E9%A1%9E)
ハダカイワシ,/wiki/%E3%83%8F%E3%83%80%E3%82%AB%E3%82%A4%E3%83%AF%E3%82%B7
ハタタテダイ,/wiki/%E3%83%8F%E3%82%BF%E3%82%BF%E3%83%86%E3%83%80%E3%82%A4
ハタタテハゼ,/w/index.php?title=%E3%83%8F%E3%82%BF%E3%82%BF%E3%83%86%E3%83%8F%E3%82%BC&action=edit&redlink=1
ハタハタ,/wiki/%E3%83%8F%E3%82%BF%E3%83%8F%E3%82%BF
バタフライフィッシュ,/wiki/%E3%83%90%E3%82%BF%E3%83%95%E3%83%A9%E3%82%A4%E3%83%95%E3%82%A3%E3%83%83%E3%82%B7%E3%83%A5
チョウチョウウオ科,/wiki/%E3%83%81%E3%83%A7%E3%82%A6%E3%83%81%E3%83%A7%E3%82%A6%E3%82%A6%E3%82%AA%E7%A7%91
ハタンポ,/w/index.php?title=%E3%83%8F%E3%82%BF%E3%83%B3%E3%83%9D&action=edit&redlink=1
ハチェットフィッシュ,/wiki/%E3%83%8F%E3%83%81%E3%82%A7%E3%83%83%E3%83%88%E3%83%95%E3%82%A3%E3%83%83%E3%82%B7%E3%83%A5
トクビレ,/wiki/%E3%83%88%E3%82%AF%E3%83%93%E3%83%AC
ハナオコゼ,/wiki/%E3%83%8F%E3%83%8A%E3%82%AA%E3%82%B3%E3%82%BC
ハナザメ,/wiki/%E3%83%8F%E3%83%8A%E3%82%B6%E3%83%A1
ハナヒゲウツボ,/wiki/%E3%83%8F%E3%83%8A%E3%83%92%E3%82%B2%E3%82%A6%E3%83%84%E3%83%9C
ハナミノカサゴ,/wiki/%E3%83%8F%E3%83%8A%E3%83%9F%E3%83%8E%E3%82%AB%E3%82%B5%E3%82%B4
パピリオクロミス・アルティスピノーサ,/w/index.php?title=%E3%83%91%E3%83%94%E3%83%AA%E3%82%AA%E3%82%AF%E3%83%AD%E3%83%9F%E3%82%B9%E3%83%BB%E3%82%A2%E3%83%AB%E3%83%86%E3%82%A3%E3%82%B9%E3%83%94%E3%83%8E%E3%83%BC%E3%82%B5&action=edit&redlink=1
ハマクマノミ,/wiki/%E3%83%8F%E3%83%9E%E3%82%AF%E3%83%9E%E3%83%8E%E3%83%9F
ハマダイ,/wiki/%E3%83%8F%E3%83%9E%E3%83%80%E3%82%A4
ブリ,/wiki/%E3%83%96%E3%83%AA
ハマフエフキ,/w/index.php?title=%E3%83%8F%E3%83%9E%E3%83%95%E3%82%A8%E3%83%95%E3%82%AD&action=edit&redlink=1
ハモ,/wiki/%E3%83%8F%E3%83%A2
ハヤ,/wiki/%E3%83%8F%E3%83%A4
バラタナゴ,/wiki/%E3%83%90%E3%83%A9%E3%82%BF%E3%83%8A%E3%82%B4
バラハタ,/wiki/%E3%83%90%E3%83%A9%E3%83%8F%E3%82%BF
バラフエダイ,/wiki/%E3%83%90%E3%83%A9%E3%83%95%E3%82%A8%E3%83%80%E3%82%A4
バラマンディ,/wiki/%E3%83%90%E3%83%A9%E3%83%9E%E3%83%B3%E3%83%87%E3%82%A3
バラムツ,/wiki/%E3%83%90%E3%83%A9%E3%83%A0%E3%83%84
ハリセンボン,/wiki/%E3%83%8F%E3%83%AA%E3%82%BB%E3%83%B3%E3%83%9C%E3%83%B3
ハリヨ,/wiki/%E3%83%8F%E3%83%AA%E3%83%A8
バルーンモーリー,/wiki/%E3%83%90%E3%83%AB%E3%83%BC%E3%83%B3%E3%83%A2%E3%83%BC%E3%83%AA%E3%83%BC
ヒイラギ (魚),/wiki/%E3%83%92%E3%82%A4%E3%83%A9%E3%82%AE_(%E9%AD%9A)
ヒウチダイ,/w/index.php?title=%E3%83%92%E3%82%A6%E3%83%81%E3%83%80%E3%82%A4&action=edit&redlink=1
ヒオドン,/w/index.php?title=%E3%83%92%E3%82%AA%E3%83%89%E3%83%B3&action=edit&redlink=1
ヒガイ,/wiki/%E3%83%92%E3%82%AC%E3%82%A4
ヒカリキンメダイ,/w/index.php?title=%E3%83%92%E3%82%AB%E3%83%AA%E3%82%AD%E3%83%B3%E3%83%A1%E3%83%80%E3%82%A4&action=edit&redlink=1
ピグミーグラミー,/wiki/%E3%83%94%E3%82%B0%E3%83%9F%E3%83%BC%E3%82%B0%E3%83%A9%E3%83%9F%E3%83%BC
ヒナハゼ,/w/index.php?title=%E3%83%92%E3%83%8A%E3%83%8F%E3%82%BC&action=edit&redlink=1
ヒナモロコ,/wiki/%E3%83%92%E3%83%8A%E3%83%A2%E3%83%AD%E3%82%B3
ヒフキアイゴ,/wiki/%E3%83%92%E3%83%95%E3%82%AD%E3%82%A2%E3%82%A4%E3%82%B4
ヒメオコゼ,/wiki/%E3%83%92%E3%83%A1%E3%82%AA%E3%82%B3%E3%82%BC
ヒメジ,/wiki/%E3%83%92%E3%83%A1%E3%82%B8
メダカ,/wiki/%E3%83%A1%E3%83%80%E3%82%AB
ヒメダイ,/wiki/%E3%83%92%E3%83%A1%E3%83%80%E3%82%A4
ヒメツバメウオ,/w/index.php?title=%E3%83%92%E3%83%A1%E3%83%84%E3%83%90%E3%83%A1%E3%82%A6%E3%82%AA&action=edit&redlink=1
ヒメハゼ,/wiki/%E3%83%92%E3%83%A1%E3%83%8F%E3%82%BC
ヒメマス,/wiki/%E3%83%92%E3%83%A1%E3%83%9E%E3%82%B9
ヒラ,/wiki/%E3%83%92%E3%83%A9
ヒラアジ,/w/index.php?title=%E3%83%92%E3%83%A9%E3%82%A2%E3%82%B8&action=edit&redlink=1
ピライーバ,/w/index.php?title=%E3%83%94%E3%83%A9%E3%82%A4%E3%83%BC%E3%83%90&action=edit&redlink=1
ソウダガツオ,/wiki/%E3%82%BD%E3%82%A6%E3%83%80%E3%82%AC%E3%83%84%E3%82%AA
ピラニア,/wiki/%E3%83%94%E3%83%A9%E3%83%8B%E3%82%A2
ヒラマサ,/wiki/%E3%83%92%E3%83%A9%E3%83%9E%E3%82%B5
ヒラメ,/wiki/%E3%83%92%E3%83%A9%E3%83%A1
アマゴ,/wiki/%E3%82%A2%E3%83%9E%E3%82%B4
ピラルクー,/wiki/%E3%83%94%E3%83%A9%E3%83%AB%E3%82%AF%E3%83%BC
ビワコオオナマズ,/wiki/%E3%83%93%E3%83%AF%E3%82%B3%E3%82%AA%E3%82%AA%E3%83%8A%E3%83%9E%E3%82%BA
ビワヒガイ,/wiki/%E3%83%93%E3%83%AF%E3%83%92%E3%82%AC%E3%82%A4
ビワマス,/wiki/%E3%83%93%E3%83%AF%E3%83%9E%E3%82%B9
ビンナガ,/wiki/%E3%83%93%E3%83%B3%E3%83%8A%E3%82%AC
フウセンウナギ,/wiki/%E3%83%95%E3%82%A6%E3%82%BB%E3%83%B3%E3%82%A6%E3%83%8A%E3%82%AE
フウライカジキ,/wiki/%E3%83%95%E3%82%A6%E3%83%A9%E3%82%A4%E3%82%AB%E3%82%B8%E3%82%AD
フウライチョウチョウウオ,/wiki/%E3%83%95%E3%82%A6%E3%83%A9%E3%82%A4%E3%83%81%E3%83%A7%E3%82%A6%E3%83%81%E3%83%A7%E3%82%A6%E3%82%A6%E3%82%AA
フエダイ,/wiki/%E3%83%95%E3%82%A8%E3%83%80%E3%82%A4
フエフキダイ,/w/index.php?title=%E3%83%95%E3%82%A8%E3%83%95%E3%82%AD%E3%83%80%E3%82%A4&action=edit&redlink=1
フエヤッコダイ,/wiki/%E3%83%95%E3%82%A8%E3%83%A4%E3%83%83%E3%82%B3%E3%83%80%E3%82%A4
フグ,/wiki/%E3%83%95%E3%82%B0
フクロウナギ,/wiki/%E3%83%95%E3%82%AF%E3%83%AD%E3%82%A6%E3%83%8A%E3%82%AE
フシギウオ,/wiki/%E3%83%95%E3%82%B7%E3%82%AE%E3%82%A6%E3%82%AA
フジクジラ,/w/index.php?title=%E3%83%95%E3%82%B8%E3%82%AF%E3%82%B8%E3%83%A9&action=edit&redlink=1
ブダイ,/wiki/%E3%83%96%E3%83%80%E3%82%A4
スズキ,/wiki/%E3%82%B9%E3%82%BA%E3%82%AD_(%E9%AD%9A)
フナ,/wiki/%E3%83%95%E3%83%8A
ブラウントラウト,/wiki/%E3%83%96%E3%83%A9%E3%82%A6%E3%83%B3%E3%83%88%E3%83%A9%E3%82%A6%E3%83%88
ブラックアロワナ,/wiki/%E3%83%96%E3%83%A9%E3%83%83%E3%82%AF%E3%82%A2%E3%83%AD%E3%83%AF%E3%83%8A
ブラックバス,/wiki/%E3%83%96%E3%83%A9%E3%83%83%E3%82%AF%E3%83%90%E3%82%B9
オオクチバス,/wiki/%E3%82%AA%E3%82%AA%E3%82%AF%E3%83%81%E3%83%90%E3%82%B9
コクチバス,/wiki/%E3%82%B3%E3%82%AF%E3%83%81%E3%83%90%E3%82%B9
サザンプラティフィッシュ,/wiki/%E3%82%B5%E3%82%B6%E3%83%B3%E3%83%97%E3%83%A9%E3%83%86%E3%82%A3%E3%83%95%E3%82%A3%E3%83%83%E3%82%B7%E3%83%A5
ブリ,/wiki/%E3%83%96%E3%83%AA
プリステラ,/wiki/%E3%83%97%E3%83%AA%E3%82%B9%E3%83%86%E3%83%A9
フリソデウオ,/wiki/%E3%83%95%E3%83%AA%E3%82%BD%E3%83%87%E3%82%A6%E3%82%AA
ブリモドキ,/wiki/%E3%83%96%E3%83%AA%E3%83%A2%E3%83%89%E3%82%AD
ブルーギル,/wiki/%E3%83%96%E3%83%AB%E3%83%BC%E3%82%AE%E3%83%AB
プレコ,/wiki/%E3%83%97%E3%83%AC%E3%82%B3
プロトプテルス,/w/index.php?title=%E3%83%97%E3%83%AD%E3%83%88%E3%83%97%E3%83%86%E3%83%AB%E3%82%B9&action=edit&redlink=1
フロリダバス,/wiki/%E3%83%95%E3%83%AD%E3%83%AA%E3%83%80%E3%83%90%E3%82%B9
プンティウス,/wiki/%E3%83%97%E3%83%B3%E3%83%86%E3%82%A3%E3%82%A6%E3%82%B9
ヘコアユ,/wiki/%E3%83%98%E3%82%B3%E3%82%A2%E3%83%A6
ペーシュ・カショーロ,/wiki/%E3%83%9A%E3%83%BC%E3%82%B7%E3%83%A5%E3%83%BB%E3%82%AB%E3%82%B7%E3%83%A7%E3%83%BC%E3%83%AD
ヘダイ,/wiki/%E3%83%98%E3%83%80%E3%82%A4
ベニザケ,/wiki/%E3%83%99%E3%83%8B%E3%82%B6%E3%82%B1
ベタ,/wiki/%E3%83%99%E3%82%BF
ナイルアロワナ,/wiki/%E3%83%8A%E3%82%A4%E3%83%AB%E3%82%A2%E3%83%AD%E3%83%AF%E3%83%8A
ベニザケ,/wiki/%E3%83%99%E3%83%8B%E3%82%B6%E3%82%B1
ヘビギンポ,/wiki/%E3%83%98%E3%83%93%E3%82%AE%E3%83%B3%E3%83%9D
ペヘレイ,/wiki/%E3%83%9A%E3%83%98%E3%83%AC%E3%82%A4
ベラ,/wiki/%E3%83%99%E3%83%A9
ヘラチョウザメ,/wiki/%E3%83%98%E3%83%A9%E3%83%81%E3%83%A7%E3%82%A6%E3%82%B6%E3%83%A1
ゲンゴロウブナ,/wiki/%E3%82%B2%E3%83%B3%E3%82%B4%E3%83%AD%E3%82%A6%E3%83%96%E3%83%8A
ヘラヤガラ,/w/index.php?title=%E3%83%98%E3%83%A9%E3%83%A4%E3%82%AC%E3%83%A9&action=edit&redlink=1
ペレスメジロザメ,/wiki/%E3%83%9A%E3%83%AC%E3%82%B9%E3%83%A1%E3%82%B8%E3%83%AD%E3%82%B6%E3%83%A1
ペンシルフィッシュ,/wiki/%E3%83%9A%E3%83%B3%E3%82%B7%E3%83%AB%E3%83%95%E3%82%A3%E3%83%83%E3%82%B7%E3%83%A5
ボウエンギョ,/wiki/%E3%83%9C%E3%82%A6%E3%82%A8%E3%83%B3%E3%82%AE%E3%83%A7%E7%A7%91
ホウネンエソ,/w/index.php?title=%E3%83%9B%E3%82%A6%E3%83%8D%E3%83%B3%E3%82%A8%E3%82%BD&action=edit&redlink=1
ホウズキ,/wiki/%E3%83%9B%E3%82%A6%E3%82%BA%E3%82%AD
ボウズハゼ,/wiki/%E3%83%9C%E3%82%A6%E3%82%BA%E3%83%8F%E3%82%BC
ホウボウ,/wiki/%E3%83%9B%E3%82%A6%E3%83%9C%E3%82%A6
ホウライエソ,/wiki/%E3%83%9B%E3%82%A6%E3%83%A9%E3%82%A4%E3%82%A8%E3%82%BD
ホキ,/wiki/%E3%83%9B%E3%82%AD
ホースフェイスローチ,/wiki/%E3%83%9B%E3%83%BC%E3%82%B9%E3%83%95%E3%82%A7%E3%82%A4%E3%82%B9%E3%83%AD%E3%83%BC%E3%83%81
ホシガレイ,/w/index.php?title=%E3%83%9B%E3%82%B7%E3%82%AC%E3%83%AC%E3%82%A4&action=edit&redlink=1
ホシザメ,/wiki/%E3%83%9B%E3%82%B7%E3%82%B6%E3%83%A1
キス,/wiki/%E3%82%AD%E3%82%B9_(%E9%AD%9A)
ホースフェイスローチ,/wiki/%E3%83%9B%E3%83%BC%E3%82%B9%E3%83%95%E3%82%A7%E3%82%A4%E3%82%B9%E3%83%AD%E3%83%BC%E3%83%81
ポタモトリゴン・モトロ ,/wiki/%E3%83%9D%E3%82%BF%E3%83%A2%E3%83%88%E3%83%AA%E3%82%B4%E3%83%B3%E3%83%BB%E3%83%A2%E3%83%88%E3%83%AD
ホタルジャコ,/wiki/%E3%83%9B%E3%82%BF%E3%83%AB%E3%82%B8%E3%83%A3%E3%82%B3
ホッケ,/wiki/%E3%83%9B%E3%83%83%E3%82%B1
ホテイウオ,/w/index.php?title=%E3%83%9B%E3%83%86%E3%82%A4%E3%82%A6%E3%82%AA&action=edit&redlink=1
ホトケドジョウ,/wiki/%E3%83%9B%E3%83%88%E3%82%B1%E3%83%89%E3%82%B8%E3%83%A7%E3%82%A6
ホホジロザメ,/wiki/%E3%83%9B%E3%83%9B%E3%82%B8%E3%83%AD%E3%82%B6%E3%83%A1
ボラ,/wiki/%E3%83%9C%E3%83%A9
ラスボラ,/wiki/%E3%83%A9%E3%82%B9%E3%83%9C%E3%83%A9
ポリプテルス,/wiki/%E3%83%9D%E3%83%AA%E3%83%97%E3%83%86%E3%83%AB%E3%82%B9
ホワイトフィッシュ,/wiki/%E3%83%9B%E3%83%AF%E3%82%A4%E3%83%88%E3%83%95%E3%82%A3%E3%83%83%E3%82%B7%E3%83%A5
ホンソメワケベラ,/wiki/%E3%83%9B%E3%83%B3%E3%82%BD%E3%83%A1%E3%83%AF%E3%82%B1%E3%83%99%E3%83%A9
ホンモロコ,/wiki/%E3%83%9B%E3%83%B3%E3%83%A2%E3%83%AD%E3%82%B3
カジキ,/wiki/%E3%82%AB%E3%82%B8%E3%82%AD
マーレーコッド,/wiki/%E3%83%9E%E3%83%BC%E3%83%AC%E3%83%BC%E3%82%B3%E3%83%83%E3%83%89
マアジ,/wiki/%E3%83%9E%E3%82%A2%E3%82%B8
マアナゴ,/wiki/%E3%83%9E%E3%82%A2%E3%83%8A%E3%82%B4
マイワシ,/wiki/%E3%83%9E%E3%82%A4%E3%83%AF%E3%82%B7
マカジキ,/wiki/%E3%83%9E%E3%82%AB%E3%82%B8%E3%82%AD
カレイ,/wiki/%E3%82%AB%E3%83%AC%E3%82%A4
マグロ,/wiki/%E3%83%9E%E3%82%B0%E3%83%AD
マゴチ,/wiki/%E3%83%9E%E3%82%B4%E3%83%81
マサバ,/wiki/%E3%83%9E%E3%82%B5%E3%83%90
マジェランアイナメ,/wiki/%E3%83%9E%E3%82%B8%E3%82%A7%E3%83%A9%E3%83%B3%E3%82%A2%E3%82%A4%E3%83%8A%E3%83%A1
マス,/wiki/%E3%83%9E%E3%82%B9
マスキー,/wiki/%E3%83%9E%E3%82%B9%E3%82%AD%E3%83%BC
マスノスケ,/wiki/%E3%83%9E%E3%82%B9%E3%83%8E%E3%82%B9%E3%82%B1
マダイ,/wiki/%E3%83%9E%E3%83%80%E3%82%A4
マダラ,/wiki/%E3%83%9E%E3%83%80%E3%83%A9
マダラタルミ,/wiki/%E3%83%9E%E3%83%80%E3%83%A9%E3%82%BF%E3%83%AB%E3%83%9F
マダラトビエイ,/wiki/%E3%83%9E%E3%83%80%E3%83%A9%E3%83%88%E3%83%93%E3%82%A8%E3%82%A4
マツカサウオ,/wiki/%E3%83%9E%E3%83%84%E3%82%AB%E3%82%B5%E3%82%A6%E3%82%AA
マツカワ,/wiki/%E3%83%9E%E3%83%84%E3%82%AB%E3%83%AF
マツダイ,/w/index.php?title=%E3%83%9E%E3%83%84%E3%83%80%E3%82%A4&action=edit&redlink=1
マトウダイ,/wiki/%E3%83%9E%E3%83%88%E3%82%A6%E3%83%80%E3%82%A4
マナガツオ,/wiki/%E3%83%9E%E3%83%8A%E3%82%AC%E3%83%84%E3%82%AA
マハゼ,/wiki/%E3%83%9E%E3%83%8F%E3%82%BC
マハタ,/w/index.php?title=%E3%83%9E%E3%83%8F%E3%82%BF&action=edit&redlink=1
マフグ,/wiki/%E3%83%9E%E3%83%95%E3%82%B0
マブナ,/wiki/%E3%83%9E%E3%83%96%E3%83%8A
サッパ,/wiki/%E3%82%B5%E3%83%83%E3%83%91
マルアオメエソ,/wiki/%E3%83%9E%E3%83%AB%E3%82%A2%E3%82%AA%E3%83%A1%E3%82%A8%E3%82%BD
ソウダガツオ,/wiki/%E3%82%BD%E3%82%A6%E3%83%80%E3%82%AC%E3%83%84%E3%82%AA
オニイトマキエイ,/wiki/%E3%82%AA%E3%83%8B%E3%82%A4%E3%83%88%E3%83%9E%E3%82%AD%E3%82%A8%E3%82%A4
マンボウ,/wiki/%E3%83%9E%E3%83%B3%E3%83%9C%E3%82%A6
ミカヅキツバメウオ,/w/index.php?title=%E3%83%9F%E3%82%AB%E3%83%85%E3%82%AD%E3%83%84%E3%83%90%E3%83%A1%E3%82%A6%E3%82%AA&action=edit&redlink=1
ミシマオコゼ,/w/index.php?title=%E3%83%9F%E3%82%B7%E3%83%9E%E3%82%AA%E3%82%B3%E3%82%BC&action=edit&redlink=1
ミズウオ,/wiki/%E3%83%9F%E3%82%BA%E3%82%A6%E3%82%AA
ミスジリュウキュウスズメダイ,/wiki/%E3%83%9F%E3%82%B9%E3%82%B8%E3%83%AA%E3%83%A5%E3%82%A6%E3%82%AD%E3%83%A5%E3%82%A6%E3%82%B9%E3%82%BA%E3%83%A1%E3%83%80%E3%82%A4
ミズワニ,/wiki/%E3%83%9F%E3%82%BA%E3%83%AF%E3%83%8B
ミツクリエナガチョウチンアンコウ,/wiki/%E3%83%9F%E3%83%84%E3%82%AF%E3%83%AA%E3%82%A8%E3%83%8A%E3%82%AC%E3%83%81%E3%83%A7%E3%82%A6%E3%83%81%E3%83%B3%E3%82%A2%E3%83%B3%E3%82%B3%E3%82%A6
ミツクリザメ,/wiki/%E3%83%9F%E3%83%84%E3%82%AF%E3%83%AA%E3%82%B6%E3%83%A1
ミツバヤツメ,/wiki/%E3%83%9F%E3%83%84%E3%83%90%E3%83%A4%E3%83%84%E3%83%A1
ミツボシクロスズメダイ,/wiki/%E3%83%9F%E3%83%84%E3%83%9C%E3%82%B7%E3%82%AF%E3%83%AD%E3%82%B9%E3%82%BA%E3%83%A1%E3%83%80%E3%82%A4
ミツマタヤリウオ,/wiki/%E3%83%9F%E3%83%84%E3%83%9E%E3%82%BF%E3%83%A4%E3%83%AA%E3%82%A6%E3%82%AA
ミドリフグ,/wiki/%E3%83%9F%E3%83%89%E3%83%AA%E3%83%95%E3%82%B0
ミナミハコフグ,/w/index.php?title=%E3%83%9F%E3%83%8A%E3%83%9F%E3%83%8F%E3%82%B3%E3%83%95%E3%82%B0&action=edit&redlink=1
ミナミハタンポ,/w/index.php?title=%E3%83%9F%E3%83%8A%E3%83%9F%E3%83%8F%E3%82%BF%E3%83%B3%E3%83%9D&action=edit&redlink=1
ミナミマグロ,/wiki/%E3%83%9F%E3%83%8A%E3%83%9F%E3%83%9E%E3%82%B0%E3%83%AD
ミノカサゴ,/wiki/%E3%83%9F%E3%83%8E%E3%82%AB%E3%82%B5%E3%82%B4
ミミズハゼ,/wiki/%E3%83%9F%E3%83%9F%E3%82%BA%E3%83%8F%E3%82%BC
ミヤコタナゴ,/wiki/%E3%83%9F%E3%83%A4%E3%82%B3%E3%82%BF%E3%83%8A%E3%82%B4
ミヤベイワナ,/wiki/%E3%83%9F%E3%83%A4%E3%83%99%E3%82%A4%E3%83%AF%E3%83%8A
ムギツク,/wiki/%E3%83%A0%E3%82%AE%E3%83%84%E3%82%AF
ムツ,/wiki/%E3%83%A0%E3%83%84
ムツゴロウ,/wiki/%E3%83%A0%E3%83%84%E3%82%B4%E3%83%AD%E3%82%A6
ムブナ,/wiki/%E3%83%A0%E3%83%96%E3%83%8A
ムベンガ,/wiki/%E3%83%A0%E3%83%99%E3%83%B3%E3%82%AC
ムレハタタテダイ,/w/index.php?title=%E3%83%A0%E3%83%AC%E3%83%8F%E3%82%BF%E3%82%BF%E3%83%86%E3%83%80%E3%82%A4&action=edit&redlink=1
ムロアジ,/wiki/%E3%83%A0%E3%83%AD%E3%82%A2%E3%82%B8
メイタガレイ,/w/index.php?title=%E3%83%A1%E3%82%A4%E3%82%BF%E3%82%AC%E3%83%AC%E3%82%A4&action=edit&redlink=1
メイチダイ,/w/index.php?title=%E3%83%A1%E3%82%A4%E3%83%81%E3%83%80%E3%82%A4&action=edit&redlink=1
メカジキ,/wiki/%E3%83%A1%E3%82%AB%E3%82%B8%E3%82%AD
メガマウス,/wiki/%E3%83%A1%E3%82%AC%E3%83%9E%E3%82%A6%E3%82%B9
メガネモチノウオ,/wiki/%E3%83%A1%E3%82%AC%E3%83%8D%E3%83%A2%E3%83%81%E3%83%8E%E3%82%A6%E3%82%AA
メガロドン,/wiki/%E3%83%A1%E3%82%AC%E3%83%AD%E3%83%89%E3%83%B3
化石,/wiki/%E5%8C%96%E7%9F%B3
ヌタウナギ,/wiki/%E3%83%8C%E3%82%BF%E3%82%A6%E3%83%8A%E3%82%AE
メゴチ,/wiki/%E3%83%A1%E3%82%B4%E3%83%81
メジナ,/wiki/%E3%83%A1%E3%82%B8%E3%83%8A
メジロザメ,/wiki/%E3%83%A1%E3%82%B8%E3%83%AD%E3%82%B6%E3%83%A1
メダイ,/wiki/%E3%83%A1%E3%83%80%E3%82%A4
メダカ,/wiki/%E3%83%A1%E3%83%80%E3%82%AB
メチニス,/wiki/%E3%83%A1%E3%83%81%E3%83%8B%E3%82%B9
メナダ,/wiki/%E3%83%A1%E3%83%8A%E3%83%80
メヌケ,/wiki/%E3%83%A1%E3%83%8C%E3%82%B1
アラスカメヌケ,/wiki/%E3%82%A2%E3%83%A9%E3%82%B9%E3%82%AB%E3%83%A1%E3%83%8C%E3%82%B1
メバチ,/wiki/%E3%83%A1%E3%83%90%E3%83%81
メバル,/wiki/%E3%83%A1%E3%83%90%E3%83%AB
メルルーサ,/wiki/%E3%83%A1%E3%83%AB%E3%83%AB%E3%83%BC%E3%82%B5
マジェランアイナメ,/wiki/%E3%83%9E%E3%82%B8%E3%82%A7%E3%83%A9%E3%83%B3%E3%82%A2%E3%82%A4%E3%83%8A%E3%83%A1
モツゴ,/wiki/%E3%83%A2%E3%83%84%E3%82%B4
モルミルス,/wiki/%E3%83%A2%E3%83%AB%E3%83%9F%E3%83%AB%E3%82%B9
モロコ,/wiki/%E3%83%A2%E3%83%AD%E3%82%B3
クエ,/wiki/%E3%82%AF%E3%82%A8
モンガラカワハギ,/wiki/%E3%83%A2%E3%83%B3%E3%82%AC%E3%83%A9%E3%82%AB%E3%83%AF%E3%83%8F%E3%82%AE
モンガラドオシ,/wiki/%E3%83%A2%E3%83%B3%E3%82%AC%E3%83%A9%E3%83%89%E3%82%AA%E3%82%B7
ヤイトハタ,/wiki/%E3%83%A4%E3%82%A4%E3%83%88%E3%83%8F%E3%82%BF
ヤガラ,/wiki/%E3%83%A4%E3%82%AC%E3%83%A9
メジロザメ,/wiki/%E3%83%A1%E3%82%B8%E3%83%AD%E3%82%B6%E3%83%A1
ヤジリハゼ,/wiki/%E3%83%A4%E3%82%B8%E3%83%AA%E3%83%8F%E3%82%BC
ヤツメウナギ,/wiki/%E3%83%A4%E3%83%84%E3%83%A1%E3%82%A6%E3%83%8A%E3%82%AE
ヤナギムシガレイ,/w/index.php?title=%E3%83%A4%E3%83%8A%E3%82%AE%E3%83%A0%E3%82%B7%E3%82%AC%E3%83%AC%E3%82%A4&action=edit&redlink=1
ヤマノカミ,/wiki/%E3%83%A4%E3%83%9E%E3%83%8E%E3%82%AB%E3%83%9F
ヤマメ,/wiki/%E3%83%A4%E3%83%9E%E3%83%A1
ヤリタナゴ,/wiki/%E3%83%A4%E3%83%AA%E3%82%BF%E3%83%8A%E3%82%B4
ユウゼン,/wiki/%E3%83%A6%E3%82%A6%E3%82%BC%E3%83%B3
ユカタハタ,/w/index.php?title=%E3%83%A6%E3%82%AB%E3%82%BF%E3%83%8F%E3%82%BF&action=edit&redlink=1
ユゴイ,/w/index.php?title=%E3%83%A6%E3%82%B4%E3%82%A4&action=edit&redlink=1
ヨウジウオ,/wiki/%E3%83%A8%E3%82%A6%E3%82%B8%E3%82%A6%E3%82%AA
ヨーロッパオオナマズ,/wiki/%E3%83%A8%E3%83%BC%E3%83%AD%E3%83%83%E3%83%91%E3%82%AA%E3%82%AA%E3%83%8A%E3%83%9E%E3%82%BA
ヨーロッパタナゴ,/wiki/%E3%83%A8%E3%83%BC%E3%83%AD%E3%83%83%E3%83%91%E3%82%BF%E3%83%8A%E3%82%B4
ヨーロピアンシーバス,/wiki/%E3%83%A8%E3%83%BC%E3%83%AD%E3%83%94%E3%82%A2%E3%83%B3%E3%82%B7%E3%83%BC%E3%83%90%E3%82%B9
ヨゴレ (魚類),/wiki/%E3%83%A8%E3%82%B4%E3%83%AC_(%E9%AD%9A%E9%A1%9E)
ヨシキリザメ,/wiki/%E3%83%A8%E3%82%B7%E3%82%AD%E3%83%AA%E3%82%B6%E3%83%A1
ヨシノボリ,/wiki/%E3%83%A8%E3%82%B7%E3%83%8E%E3%83%9C%E3%83%AA
ヨスジフエダイ,/wiki/%E3%83%A8%E3%82%B9%E3%82%B8%E3%83%95%E3%82%A8%E3%83%80%E3%82%A4
ヨツメウオ,/wiki/%E3%83%A8%E3%83%84%E3%83%A1%E3%82%A6%E3%82%AA
ヨロイイタチウオ,/wiki/%E3%83%A8%E3%83%AD%E3%82%A4%E3%82%A4%E3%82%BF%E3%83%81%E3%82%A6%E3%82%AA
ヨロイザメ,/wiki/%E3%83%A8%E3%83%AD%E3%82%A4%E3%82%B6%E3%83%A1
ラージグラス,/w/index.php?title=%E3%83%A9%E3%83%BC%E3%82%B8%E3%82%B0%E3%83%A9%E3%82%B9&action=edit&redlink=1
ライギョ,/wiki/%E3%83%A9%E3%82%A4%E3%82%AE%E3%83%A7
ラスボラ,/wiki/%E3%83%A9%E3%82%B9%E3%83%9C%E3%83%A9
ラッド (魚類),/wiki/%E3%83%A9%E3%83%83%E3%83%89_(%E9%AD%9A%E9%A1%9E)
ラブカ,/wiki/%E3%83%A9%E3%83%96%E3%82%AB
ラミーノーズテトラ,/wiki/%E3%83%A9%E3%83%9F%E3%83%BC%E3%83%8E%E3%83%BC%E3%82%BA%E3%83%86%E3%83%88%E3%83%A9
リーフィーシードラゴン,/wiki/%E3%83%AA%E3%83%BC%E3%83%95%E3%82%A3%E3%83%BC%E3%82%B7%E3%83%BC%E3%83%89%E3%83%A9%E3%82%B4%E3%83%B3
リーフフィッシュ,/wiki/%E3%83%AA%E3%83%BC%E3%83%95%E3%83%95%E3%82%A3%E3%83%83%E3%82%B7%E3%83%A5
アユ,/wiki/%E3%82%A2%E3%83%A6
リュウグウノツカイ,/wiki/%E3%83%AA%E3%83%A5%E3%82%A6%E3%82%B0%E3%82%A6%E3%83%8E%E3%83%84%E3%82%AB%E3%82%A4
シロガネアジ,/wiki/%E3%82%B7%E3%83%AD%E3%82%AC%E3%83%8D%E3%82%A2%E3%82%B8
ルリスズメダイ,/wiki/%E3%83%AB%E3%83%AA%E3%82%B9%E3%82%BA%E3%83%A1%E3%83%80%E3%82%A4
ルリハタ,/wiki/%E3%83%AB%E3%83%AA%E3%83%8F%E3%82%BF
レイクトラウト,/wiki/%E3%83%AC%E3%82%A4%E3%82%AF%E3%83%88%E3%83%A9%E3%82%A6%E3%83%88
レインボーテトラ,/wiki/%E3%83%AC%E3%82%A4%E3%83%B3%E3%83%9C%E3%83%BC%E3%83%86%E3%83%88%E3%83%A9
レインボーフィッシュ,/wiki/%E3%83%AC%E3%82%A4%E3%83%B3%E3%83%9C%E3%83%BC%E3%83%95%E3%82%A3%E3%83%83%E3%82%B7%E3%83%A5
ドチザメ,/wiki/%E3%83%89%E3%83%81%E3%82%B6%E3%83%A1
レッドテールキャットフィッシュ,/wiki/%E3%83%AC%E3%83%83%E3%83%89%E3%83%86%E3%83%BC%E3%83%AB%E3%82%AD%E3%83%A3%E3%83%83%E3%83%88%E3%83%95%E3%82%A3%E3%83%83%E3%82%B7%E3%83%A5
レッドテールブラックシャーク,/wiki/%E3%83%AC%E3%83%83%E3%83%89%E3%83%86%E3%83%BC%E3%83%AB%E3%83%96%E3%83%A9%E3%83%83%E3%82%AF%E3%82%B7%E3%83%A3%E3%83%BC%E3%82%AF
レモンザメ,/wiki/%E3%83%AC%E3%83%A2%E3%83%B3%E3%82%B6%E3%83%A1
レンギョ,/wiki/%E3%83%AC%E3%83%B3%E3%82%AE%E3%83%A7
プレコ,/wiki/%E3%83%97%E3%83%AC%E3%82%B3
ロウニンアジ,/wiki/%E3%83%AD%E3%82%A6%E3%83%8B%E3%83%B3%E3%82%A2%E3%82%B8
ワカサギ,/wiki/%E3%83%AF%E3%82%AB%E3%82%B5%E3%82%AE
ワタカ,/wiki/%E3%83%AF%E3%82%BF%E3%82%AB
ワニエソ,/wiki/%E3%83%AF%E3%83%8B%E3%82%A8%E3%82%BD
ワニトカゲギス,/wiki/%E3%83%AF%E3%83%8B%E3%83%88%E3%82%AB%E3%82%B2%E3%82%AE%E3%82%B9
ブリ,/wiki/%E3%83%96%E3%83%AA
ワラスボ,/wiki/%E3%83%AF%E3%83%A9%E3%82%B9%E3%83%9C
